x,y,z,reward
-0.23399999999999993,0.8169999999999997,0.06300000000000001,-0.9111607981031667
-0.23782903412806844,0.8147511391564471,0.0613557826108437,-1.8254193570740878
-0.24452074343668637,0.8105347823953385,0.06143251782651344,-2.7436156459496353
-0.25375747679836663,0.8051164642139095,0.06254619417356182,-3.6669856816319033
-0.2635819636285157,0.7990210244625613,0.06439921849772018,-4.595543180710348
-0.27393545715679923,0.7929204359040011,0.06645652641868965,-5.529747878354094
-0.2822436420296916,0.7872993454339341,0.06984284959424017,-6.4675544700497625
-0.2903354277855159,0.7815156818733247,0.07404013405376556,-7.4084704997519095
-0.30006105478902645,0.7753939489468488,0.07916656631993234,-8.353478593584775
-0.31121037071456387,0.7683940360944791,0.0851758438772434,-9.303308422906271
-0.3232487616546191,0.7605128328706716,0.09079765176562017,-10.258845979183729
-0.33252217128029515,0.7535208449311561,0.09669465350617121,-11.218023328269064
-0.3415384818653663,0.7464287235383209,0.10292958102542223,-12.180613090249544
-0.3520834653038199,0.7388949089860923,0.10841657549320109,-13.148318927646484
-0.3626387486348449,0.7307002523816838,0.11307412173777855,-14.121499205069046
-0.3726703670178487,0.7222932042024341,0.11597983452755523,-15.100498349907864
-0.3830043198423803,0.713210784012078,0.11866153760438872,-16.085675740118177
-0.3936831868752398,0.704451123613921,0.12259188089890276,-17.07709229677532
-0.4030302589667126,0.6959380638882242,0.12783714464259116,-18.073265255852974
-0.41172444006228187,0.6872882017901609,0.13395854657490372,-19.07341757963282
-0.4211106704762564,0.6784293723168211,0.13897284025149903,-20.078714808439635
-0.42937883941502575,0.6699028978716631,0.14418999569468788,-21.088275495581005
-0.4376210539505302,0.66073581171656,0.15023338224225086,-22.101836509470736
-0.44669686875030157,0.6510075588490496,0.15658957348013522,-23.12015324073549
-0.45469180663166425,0.6413771623391692,0.16335456946976312,-24.142285371909143
-0.4626407380849479,0.6314357130162433,0.17024428137801476,-25.16829286273985
-0.46982694200879555,0.6223581219871032,0.17710866299950487,-26.19775613210516
-0.4776367007372519,0.6133790281597007,0.18391250859871214,-27.23145803539992
-0.48598830757901246,0.6034474747749629,0.19055592043268252,-28.270029150489833
-0.49316457602831476,0.5930451658424795,0.19710258800664773,-29.312516618115428
-0.4996446563009218,0.5830639913451565,0.20327100279619956,-30.358574533964617
-0.5050987383005836,0.5736486041549025,0.20954931049959719,-31.4073877650304
-0.508898187345072,0.5649022750233583,0.2159707208748225,-32.45751180014803
-0.5140070046049954,0.5561242087287065,0.2219429048987266,-33.510448588530686
-0.5197618224722206,0.5459938083029323,0.22611837212537705,-34.56735007450813
-0.526960648786561,0.5355308039377785,0.2298690433695607,-35.62983835487392
-0.5335391922464969,0.524269893583168,0.23406551932133365,-36.69731830206633
-0.5390109282849361,0.5141278503565795,0.23870125857899416,-37.76877541157628
-0.5442101080568807,0.5039045438851071,0.24208342851956646,-38.84437336298532
-0.5500407153434536,0.49324897618022345,0.24479771524839986,-39.925002478983984
-0.5546390820779895,0.48286688120317156,0.248818882290726,-41.009276010478544
-0.5581997135756813,0.4726704327395924,0.25318362222521584,-42.09622212846055
-0.5623977999243523,0.4631731242141237,0.25710894553842584,-43.186653863326015
-0.5662199376732974,0.4521397596759516,0.26198950845417285,-44.28016406089246
-0.5711269525579807,0.44023202065377315,0.2671106926687811,-45.3779448173828
-0.5755715088952382,0.4274853030536896,0.27242962344217847,-46.479716449032054
-0.5802381913584131,0.41481765913929597,0.27785842741660055,-47.58584368381729
-0.5832933771938447,0.40474660550613617,0.28306232311505924,-48.694743907411315
-0.5842938833468108,0.395999217969319,0.2881504351154553,-49.804423873107766
-0.5843317792574753,0.387067055817507,0.29355511260069034,-50.91399529889464
-0.5850359757658188,0.37693916005794753,0.2987185512060914,-52.024383186374465
-0.5854803302596571,0.3666170850094139,0.3040136208973932,-53.135449885626024
-0.5866080168140669,0.3559307104825753,0.30936475833602345,-54.24802111379568
-0.5889267229032183,0.34503913678992143,0.3138933835892444,-55.36355235479766
-0.5909538966355223,0.3327668801590793,0.31888150582487546,-56.482011665585595
-0.592889640638849,0.32025044006295855,0.32314254638213247,-57.60361597630015
-0.5938106253329006,0.3083605618142894,0.3273127671714947,-58.72743457320147
-0.5944758243421219,0.2969177160958425,0.33110330448020553,-59.85333236512692
-0.5953712230370813,0.28669390077744245,0.33375175169355353,-60.981594785084376
-0.5959155612246414,0.27559410699496123,0.3370665335997397,-62.11205320387868
-0.5966614702151274,0.2640876724584177,0.3401787728733604,-63.24513035534753
-0.5967522932284022,0.25164429887238554,0.3438935869361825,-64.38043443760215
-0.5953715231185582,0.24077145552507784,0.34818509605418096,-65.51625395539084
-0.5937917704256397,0.23028128679616255,0.35237372763333435,-66.65244150047134
-0.5931252500532604,0.218462630196474,0.3566903144849266,-67.79030079267856
-0.5919781334744468,0.2062185588138102,0.36091095751157226,-68.92962934095256
-0.5906197352926722,0.19363127448685702,0.3651208427115644,-70.07046481991227
-0.5886996542778614,0.18136444080702846,0.36961939427403556,-71.2123031005617
-0.5857120048764243,0.17128466230198708,0.37412942609640426,-72.35364780403455
-0.5820003325263995,0.16276153907766305,0.3783041080082854,-73.4935005968285
-0.5790142770735749,0.154762423585664,0.38167364314254465,-74.6325624568801
-0.5766881920619101,0.14565913939982397,0.3850755182995959,-75.77187038053837
-0.5734600740465536,0.13697674101646667,0.3883348822734249,-76.91054132319562
-0.5697427972043192,0.12903717851018096,0.3919554686489874,-78.04792282816793
-0.5656554182405784,0.12229145032389811,0.39492642451431614,-79.18340760357853
-0.5613585328420332,0.11467720959244693,0.39830078958624715,-80.31711758300132
-0.5565531369348118,0.10676098624309903,0.4018058660789297,-81.44874629465714
-0.5512019182545131,0.09924290405149351,0.4055493068806047,-82.57770716923419
-0.5489591526344086,0.09144239167543068,0.40837762837093183,-83.70714476476496
-0.5461243740936902,0.08260973415350466,0.4107357338461234,-84.83699384730134
-0.5420362324058028,0.07490607531561926,0.4136653693618588,-85.96570905624355
-0.5384940024542543,0.06719769161877215,0.41648225208030004,-87.09387697171144
-0.5349431567751501,0.05831194514301921,0.4190093942823512,-88.22204147823234
-0.5319395055345724,0.04928594995049902,0.4202681452726843,-89.3509345053404
-0.5287662988953293,0.040072209016406735,0.42231082196884195,-90.48050490113033
-0.5247624879239627,0.029943195475595236,0.42482093253206415,-91.61043562835265
-0.5208047884843268,0.02123451044384507,0.427565746599815,-92.74026107117473
-0.517231480574879,0.012924119064021633,0.4301600367798542,-93.8702524071259
-0.5125299015554974,0.004705504498224676,0.43287575992075433,-94.99942870090139
-0.5070953473259293,-0.003863403714082947,0.4355109176668828,-96.12738180717312
-0.5013521908524511,-0.012528526476902106,0.4376696643765463,-97.25400364759543
-0.4964963720438484,-0.02168685748285646,0.4401465280096026,-98.3803892986387
-0.492285752239613,-0.02745932543869559,0.44270917265011955,-99.5056122067722
-0.4882136028153695,-0.031567015836492976,0.44590046575926306,-100.62902503237092
-0.4852331796181232,-0.03616612581630144,0.44827955723479146,-101.75189347386045
-0.4825386383412842,-0.03995600266111018,0.449364438914416,-102.87416733557592
-0.4797205373229376,-0.04301453810189722,0.4503658538188973,-103.99540801817243
-0.4754921092521338,-0.04739161077197522,0.4516154960586817,-105.11503451436585
-0.47132754544815786,-0.052060726859567544,0.45369231041326863,-106.23324408721072
-0.46780956064985485,-0.05697208634808623,0.45506480569015306,-107.35078264240417
-0.4629897469734758,-0.06254726429654037,0.4570258790809864,-108.46687199922661
-0.45730365126427314,-0.06877571304143607,0.45937538831258395,-109.58113698186963
-0.4517799928227535,-0.07565350605518426,0.4618602815916662,-110.69411350987531
-0.4467585189015586,-0.08233213544606466,0.4622429703098619,-111.80626817644685
-0.44280950329943125,-0.08892330125970947,0.46352963657146606,-112.91849589669435
-0.4375305237896958,-0.09548599354630119,0.46515610616368785,-114.02970296492461
-0.4320183104078908,-0.10249047045043085,0.46728329652995837,-115.13998368645638
-0.4268596120842628,-0.10732981724549727,0.46959379729461154,-116.24851550133198
-0.4205902244239837,-0.11208896135196134,0.471804686244283,-117.35437907050844
-0.4138331932499078,-0.11693161511093829,0.4740747005983136,-118.45726974684848
-0.40792937087767395,-0.11900744792733865,0.4763671877066761,-119.55638960969726
-0.4034980460033073,-0.12216424121112794,0.4787451431092563,-120.65359006135368
-0.3992970640274098,-0.12602764053244164,0.4805027341602296,-121.74950336059509
-0.3951277091989953,-0.1306856422218051,0.48219382862963023,-122.8446449289868
-0.3917365706098212,-0.1351244294341307,0.48429064740775235,-123.93955311508546
-0.387875439394148,-0.13968802718980722,0.4849618894504594,-125.03397063723057
-0.3841796331305034,-0.14083142415344155,0.48624811479607855,-126.12604556697302
-0.3821762751680224,-0.14226177498967732,0.48819455964479946,-127.21731754796777
-0.3787385711248098,-0.14483945230386625,0.4896826306934696,-128.30732022857887
-0.37440388290797016,-0.14577830085888183,0.4907427003777037,-129.39437931708375
-0.3703020943120071,-0.1473780249919535,0.49168431176405786,-130.47908812283632
-0.36693134114736964,-0.15015680195741637,0.4932420270220351,-131.5627483498419
-0.36170200953326115,-0.15395861470281794,0.49479871557617316,-132.64451508825522
-0.3559837204381312,-0.1569842787179081,0.49652865746410935,-133.72356491210795
-0.35118740038365687,-0.16029648742911912,0.49853946515672526,-134.80083626838044
-0.34619868949303634,-0.16399137793019353,0.500539897070998,-135.8764463573784
-0.34048767826361137,-0.16738705273928545,0.5023456114455497,-136.94968003061553
-0.3349206940019147,-0.17080932867089443,0.5033933820203818,-138.02070254940122
-0.33022961221321706,-0.17447217402190376,0.5050050201903358,-139.090384265031
-0.3254238250821865,-0.17815158168242837,0.507474143581743,-140.15868661997268
-0.31969404183632705,-0.181789389581863,0.5090059912130716,-141.22490245264734
-0.31522588404658614,-0.18563121767854412,0.5106492071163903,-142.29017087623225
-0.3107237222338814,-0.1903276901239297,0.5121057761077813,-143.35505200732612
-0.30587986399879097,-0.19464636496908586,0.5137511006400969,-144.41908444119846
-0.30274664462145895,-0.19889726859342322,0.5156919090898447,-145.48355886715206
-0.30128991290744433,-0.20126156269430454,0.517786918543919,-146.54852350426964
-0.30117329587500186,-0.20298014037792358,0.520081656976894,-147.61457369105068
-0.30015572646341865,-0.20529661816253797,0.5213698871012001,-148.68141443748777
-0.29756079609873615,-0.20814479604088995,0.5229339358205044,-149.74823131073532
-0.2946777703569639,-0.21141278625401616,0.524855080172809,-150.81511400632823
-0.2911066660432682,-0.2143241144930164,0.5256040780861438,-151.88130548369944
-0.2889172114172473,-0.21776660910421214,0.5258307993334157,-152.94819184213202
-0.2854957979905009,-0.2211168407869768,0.5264560292822235,-154.01482817575877
-0.28182031078058567,-0.22493104911571427,0.5271593793289077,-155.0813672778111
-0.27829216906055537,-0.2290071184015313,0.5287325350209026,-156.14814543547547
-0.27486030181298393,-0.23282424866901452,0.5305827881149405,-157.21509209472882
-0.270902114101979,-0.23576969193117897,0.5313895353524228,-158.28122173601128
-0.26656654793189183,-0.23854383756717262,0.5326211381916445,-159.34617967465186
-0.26110257168202244,-0.2400825813119607,0.5334364210938617,-160.4083083608467
-0.2553284940206186,-0.24170198252907313,0.5342034823822112,-161.46746502677203
-0.2488080005177887,-0.24254040791946102,0.5335771491275364,-162.52255132844417
-0.24504265409505238,-0.24509929384357915,0.5345627444478107,-163.5768075105038
-0.2424789194965126,-0.249176388107042,0.5364596792471836,-164.63220767849916
-0.23887476754002743,-0.2532951862135493,0.53855217927118,-165.68808448485794
-0.23476188890880778,-0.25720607086664865,0.5397018787506447,-166.74393120968426
-0.23099642271610157,-0.26092510071163216,0.5411974263056314,-167.79989522746658
-0.2289592872990682,-0.2640663155237056,0.5429699950504652,-168.8567894499563
-0.2265375176952514,-0.26672374846749813,0.5432704114225402,-169.91395282407947
-0.22355599043280894,-0.26898994711309954,0.544025252863818,-170.9707484679681
-0.21953918502038386,-0.2714432499443542,0.5453383522664222,-172.0266447189562
-0.21453871136846508,-0.2731455957821836,0.5456392819518581,-173.0804011549406
-0.20843411866223374,-0.2741331502217189,0.5450253390804921,-174.130728873282
-0.20112217801523452,-0.275047871766893,0.5455053847892443,-175.17683701878133
-0.1966332221908258,-0.2773021993948368,0.5467402509299355,-176.22167251133556
-0.19216245988418224,-0.2796937739460395,0.5479929899998063,-177.26537485352526
-0.1899413189780294,-0.2822817186050929,0.549183533572865,-178.30959835971137
-0.18825794190395534,-0.28621511881543826,0.5510622919933778,-179.3557534941496
-0.1853807617147738,-0.28960500428498853,0.5525758611871922,-180.40264750621589
-0.1811421535233617,-0.2926273572661339,0.5542901949781579,-181.44914652010166
-0.1770358367235817,-0.2944526191195185,0.555414623892934,-182.49442316710716
-0.1734260755178834,-0.2936110613297284,0.5550359888687931,-183.5367043939951
-0.17115545316868028,-0.29513815752640016,0.5557381948246396,-184.57872218570256
-0.16809930542519746,-0.2973475278608476,0.5567328862744454,-185.62051793462865
-0.16430429592573814,-0.2989649324505726,0.5575035040636964,-186.66116764219154
-0.15830417671707314,-0.2991113577719179,0.5585913508055229,-187.6981711607933
-0.1516531803756302,-0.29847074541854557,0.5592191333493226,-188.73050555648956
-0.1461326528050191,-0.2989229692288195,0.5599245768790031,-189.75975590052465
-0.14049319623608084,-0.29961287689332755,0.5609991855518517,-190.78607611758963
-0.13603542277880526,-0.3014517212489803,0.5620210942588955,-191.81111881750775
-0.13217264700093878,-0.3042591802441784,0.5630251976743337,-192.83603211148198
-0.1281759052478488,-0.30711602173989666,0.5637357006550772,-193.86077767991407
-0.12301112941855219,-0.3089662876614148,0.5646128901703673,-194.88388282970476
-0.11996008360318489,-0.3124025283951361,0.5651279265074328,-195.9078896754901
-0.11646620077563997,-0.31521538941781335,0.5655148370135674,-196.9320473302051
-0.11243800888441269,-0.3177737084537427,0.5657735617644304,-197.95584433859673
-0.10830583283916817,-0.32069575949059326,0.5663015871593613,-198.97955006602618
-0.10402726316227259,-0.32377839589368357,0.5668881284294549,-200.00323644471317
-0.09963508536084836,-0.32445939081299224,0.5676577645934071,-201.02493752419053
-0.09472776572562935,-0.32443764956029053,0.5682139135305112,-202.04378574219783
-0.08987939414212276,-0.32487583708355844,0.5685725592734344,-203.06019119383762
-0.0861076575263014,-0.32531043875947874,0.5691614442726683,-204.0748058063434
-0.08157876549294871,-0.32453954501911897,0.5690712738388352,-205.08617624423565
-0.07715961610788175,-0.3256004438052372,0.5694594598387739,-206.09590587727524
-0.07273422492580578,-0.3255746204082014,0.569503835078263,-207.10309440449052
-0.06887583207277603,-0.32529396543104827,0.5694757229111683,-208.1078614012452
-0.06406065066799463,-0.3247811478708838,0.5698375189167743,-209.10951285687418
-0.0594173245484749,-0.32634190605685753,0.5708379881069505,-210.10991613019434
-0.054983807795852505,-0.32928204973444253,0.5717154688265436,-211.11034546472845
-0.050451878075836315,-0.33295965351462203,0.5718949831276733,-212.11133894275883
-0.04737752769998686,-0.336243005460003,0.5714065119770367,-213.11334862932102
-0.04428514313923554,-0.339161299073722,0.5711657018861698,-214.11609613494252
-0.04049750321333232,-0.3406105905749259,0.5709695836708844,-215.11799453187356
-0.03548803577821917,-0.34031592921903037,0.5707897513799901,-216.11693871763237
-0.030371242296741874,-0.3412946352000722,0.5708846325690371,-217.11398182051522
-0.02511107709518716,-0.34285572709798207,0.5710742658418582,-218.10957158103653
-0.020047659658863348,-0.3421811815015255,0.5705394440343394,-219.1018893345594
-0.014648539216827322,-0.34099513360523803,0.5702195791608898,-220.09035618932145
-0.011204546903103019,-0.34059980907147264,0.5699583171199777,-221.07667880080294
-0.00786701853668996,-0.3428951016447046,0.5707167160040081,-222.06329012995764
-0.0037737208613304457,-0.3460458790085929,0.5713861848440246,-223.05054773494453
0.0011440206505959477,-0.34927767231671114,0.5724167934084797,-224.0381580046339
0.00450433928267234,-0.3520997709433149,0.5730711920502488,-225.02655537843606
0.00843581120696213,-0.3549335396539025,0.5735765711045386,-226.01547409134648
0.013262962067367726,-0.35759851444587926,0.5744932092674216,-227.00438126307807
0.01880629625115285,-0.3574498026393791,0.5745803889290082,-227.9904490999872
0.024333316240181757,-0.3571219228644365,0.5746982827776089,-228.97355469866102
0.030177641752431164,-0.3556359431716047,0.5747757367609257,-229.95255282244094
0.036222479056411586,-0.35373075865527404,0.5749439679690925,-230.9270077447137
0.041880814510849546,-0.3531343494937573,0.5750889478753652,-231.89826968491954
0.04774293780510065,-0.35238585810759115,0.5757220104151066,-232.8661704671634
0.0539398831687003,-0.3524805477623309,0.5773437477231173,-233.83140347916236
0.05970773897640802,-0.35240414983597423,0.5770203159015918,-234.79389100574983
0.06453196149785259,-0.3501039242777229,0.5758642732216036,-235.75204782098456
0.06994729429064866,-0.3497432892147137,0.5759792482996059,-236.70744398668
0.0757773557568191,-0.34902087870770276,0.5762536471156209,-237.6596077977276
0.08078618117083997,-0.35011186585573706,0.5765293309678622,-238.61054793720245
0.08577756344800933,-0.3482870734386527,0.5758205818796363,-239.55760651329095
0.09040674994403332,-0.346044551464614,0.5755428109273966,-240.5006148535707
0.09582753279166223,-0.3454570306667698,0.5757841035485572,-241.44077239584956
0.10170286899125677,-0.3451485273420482,0.5771225608978752,-242.37825014344557
0.10754987658818954,-0.3439733154202646,0.5780466102996761,-243.31227333902837
0.11336448888132938,-0.34112747263122856,0.5783737609369641,-244.24131848867202
0.11710874949899665,-0.3403603835749855,0.5794772662121718,-245.16821002484932
0.12116010429477049,-0.33866057598338667,0.5794225630613876,-246.09188700941155
0.12590565763782777,-0.33633841473225606,0.5793600281401,-247.01151004903738
0.13111613253119525,-0.3335003343559871,0.5790693229280388,-247.92641445545294
0.1369154217456096,-0.3323165661772775,0.5798358669565371,-248.83798181059024
0.14084962403222384,-0.3299355720645134,0.5796673149810826,-249.74579728050256
0.14532122179941986,-0.3277402319310863,0.5790890661201585,-250.6497917537395
0.150332593203498,-0.32465171816945376,0.5783385948968466,-251.5489328367215
0.15526852238286282,-0.3208123470473331,0.577836637147081,-252.44259454162318
0.1610058536929807,-0.31904003371270395,0.5774048918859471,-253.33238953224878
0.16653040928412274,-0.31602376982428143,0.5766485621204586,-254.21724644888874
0.1724348132280556,-0.31287492965311536,0.5765400400559672,-255.0969753733736
0.17731094435069333,-0.3101905052757883,0.5767874037876781,-255.97243707262453
0.181166365255934,-0.3059637383003608,0.5768510511721253,-256.8425741412324
0.18526838094487558,-0.3007425737361542,0.576785043015382,-257.7063684479151
0.19096897674804802,-0.2977028239400034,0.5774889463726726,-258.56534138431294
0.19592553059571344,-0.2933339792081181,0.57782242735229,-259.41850984113063
0.20035412445634776,-0.28850800443722785,0.5775188817954544,-260.26558817329754
0.2045897945326375,-0.28381679895094286,0.5783567795846755,-261.1068822649913
0.20937957046956165,-0.2795212722741825,0.5789266701590663,-261.94255149815166
0.21427545564412215,-0.27460621440742994,0.5793497544442462,-262.7719788223799
0.22031848194064035,-0.271027569150259,0.5795205009922191,-263.59601084482307
0.22533867925416967,-0.2661843549646929,0.5784349989771851,-264.41370843927416
0.2311483435390166,-0.26223700598625643,0.5787208112551628,-265.2257942922487
0.23687456181878375,-0.25830467184934763,0.5793501306596599,-266.03236568698213
0.24343179017595815,-0.25504166370664666,0.5797478965451112,-266.83378623028545
0.24930949630504295,-0.25148449997729455,0.5807541664818476,-267.6300876290995
0.2561874035554009,-0.24982606382735018,0.5815160461231247,-268.42275942370014
0.26237562607612624,-0.24856028440448907,0.5823835943192945,-269.2124396748673
0.2686430078460481,-0.2464778578831605,0.583519648674734,-269.9983981863952
0.274379411605541,-0.24407118933538502,0.5847791993977733,-270.7805325082076
0.28042068498257816,-0.24152711387396972,0.5863728147149279,-271.5586956012129
0.2858148991334746,-0.2372038084856818,0.5876576747091589,-272.3313718468775
0.2908769595705132,-0.23252766736852845,0.5893041691524349,-273.0983819277284
0.2958960270022846,-0.2269870958749702,0.5907322818416405,-273.8589087295772
0.30085721112934927,-0.2209372170510507,0.59206744620662,-274.61249000318975
0.3065617574723952,-0.21800190150536292,0.5941485522697334,-275.3620292177289
0.3116558583826885,-0.2142008882793257,0.5954340134475583,-276.10678694707667
0.3160747845624706,-0.2114983711767772,0.5969030037449192,-276.84803495496317
0.32034234889322366,-0.20767712777166572,0.5974918718750903,-277.5846409920373
0.32583654894827146,-0.20357563143769758,0.5981599014664404,-278.31606900838005
0.3321269747482006,-0.19989918417900793,0.5995842767018204,-279.04267567555826
0.33928072772946444,-0.19712838922240689,0.600995591458515,-279.7651843502695
0.3468804792450578,-0.19343597293376685,0.6025630366799251,-280.4826926865889
0.3520479623535257,-0.18840688153841703,0.6039252566191097,-281.1944470676478
0.356970436341403,-0.18332337917809027,0.605620934263605,-281.9005236062514
0.3619769032745779,-0.1774555727241204,0.60663515103367,-282.6000716629856
0.36759196054493604,-0.17276294607543302,0.6081319757334738,-283.29421458393233
0.3711537395238819,-0.16751548116081108,0.6095644621255399,-283.98282379661316
0.3753300988442964,-0.16198444049802022,0.6113065320679264,-284.66557933690314
0.3782714953068414,-0.15638931423992655,0.612790873039207,-285.34262183316474
0.37974506832577826,-0.15115379986992727,0.6131754347007068,-286.0143890537827
0.3834133179682603,-0.14617770651746426,0.6144619994693732,-286.6809020935275
0.3882225826393846,-0.14100517954852024,0.6160284232777797,-287.34184416833295
0.39505897409944163,-0.13668464793717158,0.6179490808973038,-287.9978105893641
0.4023587647120944,-0.1316423213053036,0.6190782001261177,-288.64795322805026
0.40839823210873505,-0.12601050833762995,0.6194491953059802,-289.29180736579355
0.41542190133204093,-0.12096013604132107,0.6198114334631536,-289.9298510358626
0.4234850953459979,-0.11538562622513078,0.6201190234560117,-290.56150171416095
0.43016689884313397,-0.10880391532174112,0.6201629668713882,-291.185967892537
0.43544370122945164,-0.10179872975481774,0.6211331065999153,-291.8032218567689
0.4410963537255189,-0.09596992377694122,0.6226477192059209,-292.4145255886547
0.4456979967907079,-0.09078640457732642,0.6241488899911659,-293.0206528279964
0.448817478333504,-0.08474521598594949,0.6254045035742866,-293.62088020796114
0.4510193838811918,-0.07687493654461983,0.6269457470466664,-294.213585038262
0.45504502028083177,-0.06944753233174593,0.6285764093321806,-294.7990962126362
0.4597987764929007,-0.06291926333567145,0.6300937415693721,-295.37824957488266
0.46444570023784243,-0.055343033588871896,0.6315833275206062,-295.9500748674928
0.46826563721329345,-0.0470311799677329,0.6331077802296572,-296.51396125923856
0.4721966898155858,-0.03958615166318698,0.6346941372277344,-297.0707994311767
0.4754204407042405,-0.035661429302055826,0.6362317842769534,-297.6240592441257
0.47671656748416724,-0.03155728225067481,0.6378166550580381,-298.17368520144106
0.47621481887534584,-0.025775976971582536,0.6395726282484201,-298.7181910612422
0.477651525151785,-0.021110308895447003,0.6410440027604449,-299.25851394534004
0.47974465056525467,-0.016784671788023717,0.6424027879904003,-299.79494216067104
0.48148211291645815,-0.010617258409582832,0.6438600815794255,-300.3257609807969
0.4844510797248194,-0.0033754087131138612,0.6450096593173062,-300.849837666325
0.48869791856225053,0.004786344283943596,0.646133298790089,-301.3662863499982
0.4946122947496359,0.0130894933633821,0.6468582112994695,-301.87489052130144
0.49970545103378083,0.021445976546198273,0.6475844529002022,-302.37568510080564
0.5061375596919014,0.03020800710298238,0.6482591828974135,-302.86835433217954
0.5104958155109975,0.03993703056550194,0.6484219275234344,-303.3518800983574
0.5132988487232715,0.04795571472441816,0.6489229329633093,-303.8280092144489
0.5133937584699104,0.05665766022377211,0.65001658725375,-304.2962365090991
0.5153122081297049,0.06582111707556812,0.6510876035191752,-304.75620741038796
0.5170087554359923,0.07506366013547724,0.651909327076079,-305.2078008496136
0.519733457870157,0.08401398421713739,0.6526573838277216,-305.6513524830494
0.523534034700864,0.09289047199344694,0.6531535865534017,-306.0869532631878
0.5290661090978794,0.10035617814088349,0.6533829374945919,-306.51600611373505
0.5363686112203043,0.10713654898914275,0.6530734723868465,-306.93920329587456
0.5420156305170238,0.11471425550783204,0.6526635142538949,-307.3557564937989
0.5487918295177366,0.11941395884209789,0.6520833217262738,-307.7684981976516
0.5536825668560369,0.1260287233505208,0.651242303265915,-308.175450981203
0.5587080543839578,0.13291682650234443,0.6503440471686787,-308.5764497647844
0.5633689015006994,0.1400705331163929,0.6491134900948923,-308.97116443608104
0.567459781936475,0.14831252089370503,0.6481460481837967,-309.35869786268
0.572535455561614,0.1584717158470757,0.6470106707548059,-309.73753172930986
0.5781202063549146,0.16866250534068464,0.6455483852566736,-310.1077635951168
0.5827979542954139,0.17982720722804446,0.644068875920341,-310.46848781037806
0.5851624105432475,0.19016216533205815,0.6427902365716699,-310.82011427642044
0.5861239500341116,0.20058741567051747,0.6419127175226575,-311.1624656307613
0.5835058927981535,0.2116282597691932,0.6416950393830175,-311.49444300782415
0.5839509954425423,0.22220667117215023,0.6412521682377552,-311.8171953559317
0.5860522875927194,0.2339175975157194,0.6398988499611292,-312.12988774364237
0.5870319118950689,0.24567587292246404,0.6385399188446499,-312.43229247974176
0.5855479126405281,0.2580380624291212,0.6379354016252008,-312.72365170752033
0.582696961764621,0.2692156025935833,0.6378591346036552,-313.00490847022127
0.5811610913597504,0.2804166508267474,0.6372117029969442,-313.2762588367664
0.5800223362211271,0.29242418450683016,0.6360951713344637,-313.53705222075547
0.5756493693866086,0.30433924923058636,0.6356558656181626,-313.78686909439864
0.5736528779921289,0.31695132079316896,0.6347177564100296,-314.02578422428377
0.5711091493294728,0.32985770200653874,0.6332345638120306,-314.2532844697321
0.5688517786449112,0.3433204335117205,0.6315504978602144,-314.4691422642747
0.5670591512612464,0.35725306005351987,0.6294093063860605,-314.67315301696016
0.561296497659757,0.3697863132863483,0.6284514749487267,-314.86605881326864
0.5586347498629427,0.37998309463513896,0.6274707947007622,-315.0506960114885
0.5552148788225904,0.38929240106368135,0.6266662730142755,-315.22775306451086
0.5511555426614387,0.3983324283447974,0.6261197702949963,-315.3976335552404
0.5496569508874138,0.4081689176001479,0.6244262686237709,-315.56005478781117
0.5507670406776489,0.4179083425006269,0.6214551383459749,-315.7151924147132
0.5512815259732418,0.4274324221467923,0.6182819288550992,-315.86313315607714
0.5506499229782275,0.4353502883941882,0.6159883995721266,-316.0052539101693
0.5480842126503904,0.4441457685251899,0.6141889554374723,-316.1411616149684
0.5455545727276231,0.4551389124726992,0.6115801238544201,-316.26976122737017
0.5412128489456719,0.4667234802353945,0.6089253720270007,-316.39088332426866
0.5367409551118243,0.47803677150897494,0.6064291311610464,-316.50559793165576
0.5323486057560922,0.49025797740066346,0.6033737505627252,-316.6143521113644
0.5257735587398366,0.500373869265175,0.6016003821314319,-316.719171259222
0.5211144508785991,0.50951260778222,0.5995956212961472,-316.8214238754432
0.5161038079200149,0.5194060557378071,0.5970883328511947,-316.9217337553387
0.5099607158477306,0.529977503580177,0.5947251389759498,-317.0215872406816
0.5037402310299077,0.5412725172822993,0.5918340956586621,-317.1223389708723
0.4975429653479737,0.550434849096195,0.5895327918006414,-317.2251292030457
0.4931579821724369,0.5591220240425476,0.5867419455993024,-317.33032612344357
0.4872957618789264,0.5679648925481378,0.5840490825149559,-317.43916027505475
0.4798488740565298,0.5776446881732017,0.5815833467594747,-317.5535744697457
0.47180845238608016,0.5882110579285753,0.5787653657230913,-317.67514723369897
0.46394739112519595,0.5983246995185195,0.5760984591644924,-317.8046019077332
0.45602764575612525,0.6094343396014654,0.5724885036400371,-317.94303610069767
0.45051213392921075,0.6197575330027795,0.5678197736948442,-318.08929080080395
0.4456732563023503,0.6302661863397816,0.5627139210318383,-318.24373726491206
0.44234585892156664,0.6410820389612082,0.5561696589136608,-318.40616624103217
0.4356573315595592,0.650281203569314,0.5514090876139177,-318.57753518050947
0.4261278074219375,0.6591765447565612,0.5482678162647822,-318.75953533249816
0.4163191596765642,0.6668438620172074,0.5462429105133638,-318.9518313649658
0.4062125280351987,0.6744630775112344,0.5444452737798953,-319.15483096514674
0.3970454070666892,0.6831316008588495,0.54090618131724,-319.36886401658774
0.387012754571185,0.6919014445452506,0.5374878399584323,-319.5946905433575
0.3756980215757152,0.6999714533049389,0.5344954180318361,-319.8326600746893
0.36484900388346214,0.7071985971665209,0.5317010760779519,-320.082063379887
0.3539743721141816,0.7143259935123543,0.52900672417207,-320.3430241155192
0.34428044158230825,0.7211251824185436,0.5258287280957361,-320.6147078477677
0.3355613473705172,0.7260079460852,0.523497348142064,-320.8951927627666
0.3260596582344863,0.7319468554178317,0.5204192835027446,-321.18583263162583
0.31504706286062195,0.7374281648378886,0.5176191380148495,-321.48731257530227
0.3018439433918335,0.7415703364692231,0.5164724800542627,-321.8001917737663
0.2881317928664756,0.7465638455647187,0.5151716661744834,-322.1256330842789
0.2745495207205034,0.7522258079523264,0.5129795938572498,-322.4641803434042
0.2598318427177787,0.7568952481994791,0.5114879908411295,-322.81604379170966
0.2463597958574883,0.7619076459502261,0.5095117671729085,-323.18076209654146
0.2328515168779358,0.7668631515501523,0.5064877688550329,-323.55842112904884
0.2189147876991439,0.771631310617806,0.5036484701227323,-323.9493249238838
0.20396148406165066,0.7753986830626767,0.5023088555307698,-324.3536621202503
0.1887501397882857,0.7779183764868607,0.5017413314136566,-324.7709367680616
0.17326423621985856,0.7803709793518854,0.5004747205440844,-325.2014763954541
0.15862051240423972,0.7820419375962352,0.49903708055334983,-325.64429524817837
0.14445364639493752,0.7836577576852379,0.49730393247696575,-326.09913830005115
0.13218271823193728,0.7844517968553493,0.49596924599277015,-326.5641314446021
0.11943363235697581,0.7841886338802758,0.4963278465523385,-327.0391129437351
0.10935171746395991,0.7848170816034541,0.4962314018820331,-327.52258068097643
0.09921961923802411,0.7853508111347084,0.4949674137854792,-328.0145921909464
0.08956618438378768,0.7861500422274198,0.49303437037572845,-328.51497832551064
0.07904136912575102,0.7865672309765503,0.4913316898037585,-329.0242936368638
0.06732056195895511,0.7856356934759294,0.4902505232159946,-329.54284382516624
0.05617304440489651,0.7846461725621344,0.48994638020726966,-330.07020222828316
0.046083776475331725,0.7835548919433165,0.4887429919021511,-330.6055245937371
0.034983929971801705,0.7831694137349013,0.48670298931184547,-331.1501360816371
0.022202187683872346,0.7814466224276264,0.4863337574005642,-331.7048339425639
0.008660278121753268,0.7793459447031602,0.48640223478987366,-332.2701955775695
-0.005358841329282299,0.7768159757293349,0.4866792039042119,-332.8465566506281
-0.019112323748980378,0.7735635422841329,0.48643646284056175,-333.4334966696039
-0.031428751238890676,0.7702829760078286,0.48559265400671475,-334.0298832693708
-0.04426764048021302,0.7665753492629885,0.4845826664938483,-334.63612363051567
-0.05691576984858733,0.7639137630158427,0.4845041509374923,-335.2526021543536
-0.07043962832349783,0.7598885026885678,0.4849555284184379,-335.8796346411649
-0.08298012501773165,0.7572353191891202,0.4840629232699203,-336.5170433216978
-0.09439566953494476,0.7545994932384833,0.4821468073798185,-337.16391722780776
-0.10649284934888079,0.7512317273751932,0.4800684184069065,-337.82068828768786
-0.11971542671530042,0.7459521796045159,0.4789050714481548,-338.4877600085483
-0.13345261029982783,0.7404005728525227,0.47791214303811186,-339.16565566301784
-0.14728025856746255,0.733847074789573,0.47859123399530756,-339.8542154082692
-0.1612100482684472,0.7272372835791151,0.47978773363259575,-340.55367523319933
-0.17511277428907224,0.720397266304684,0.47994421688733047,-341.26413596219084
-0.1889107508577504,0.7131159790246873,0.48010968264635245,-341.9855318783752
-0.20059495460667134,0.7066424908551938,0.4818474914805162,-342.71619180133024
-0.21169394922085394,0.6987549245536757,0.48270441737690484,-343.45532029798704
-0.21988696825359538,0.6905269254693851,0.4834779535713257,-344.2001764816953
-0.22511453391865366,0.6829809754967313,0.4839538373202232,-344.94819426492677
-0.22840065621352923,0.675958524356107,0.48456305545920264,-345.6977055840692
-0.23045701901861493,0.6694215970160503,0.48658808262299913,-346.44767292582264
-0.23178170843962065,0.6642885753250658,0.48793614180451983,-347.19776674759675
-0.23258575270911458,0.6591056749028997,0.489329190746709,-347.94750694728515
-0.23312801172613618,0.655358481555202,0.49101494253619526,-348.69696920158907
-0.23346832462472705,0.6529507754024106,0.49228334207300767,-349.4462550413949
-0.23363899221255904,0.649669017966275,0.4941722207915737,-350.1950280035431
-0.233766270563269,0.6460197479098027,0.4964956294394853,-350.943190410517
-0.23389359910784147,0.6442759653278358,0.4977721058292156,-351.69113448094953
-0.2339186668255458,0.642128618247047,0.49903302926823284,-352.438689220532
-0.23394593882309667,0.639728989184696,0.5005287074260115,-353.18581779786325
-0.2339719130205451,0.6375590767720096,0.501900273808176,-353.9325713581132
-0.23395700224551708,0.6341744605729118,0.5038715174210492,-354.67870181296837
-0.2339657510137359,0.6302008614085308,0.5062575898448533,-355.42415278077465
-0.2340125315717707,0.6281205983698752,0.5076652194920801,-356.1693024568941
-0.23400254947606153,0.6272460407724498,0.5083783406634081,-356.9143001039521
-0.23400307930195657,0.6266333317177829,0.5086011513559583,-357.659196406085
-0.2339966017604997,0.625828272538679,0.508962741129133,-358.4039541494449
-0.2340087084329306,0.6256304616215267,0.5090995796404058,-359.14869208945623
-0.23399367832145423,0.6266311578572943,0.5085821712053529,-359.89357853960735
-0.23402122931878894,0.6291207425499382,0.5071835365062608,-360.63890459875466
-0.23398003460358954,0.6325559314183353,0.5051405915704684,-361.38477602992265
-0.23397944636804968,0.6358394715902257,0.5030593747621918,-362.1312259944257
-0.23395133650633818,0.6374900217519663,0.5018735349948461,-362.8779465449492
-0.2339963402434062,0.6402795438040713,0.5002550456444786,-363.62522764530496
-0.23398594864096928,0.6429483125795056,0.4989915282515897,-364.37300475774356
-0.23395910906742104,0.6440451937182005,0.49823979650169525,-365.1209673837702
-0.2340036642664306,0.646255985269044,0.49661593885638006,-365.8694081925543
-0.23398312243808583,0.6491253998185305,0.4945839203059652,-366.61840681926486
-0.23395500502351402,0.6505756983831218,0.49339689261713326,-367.36767752559854
-0.23397009349443432,0.6518326996630577,0.4925468156255878,-368.11722460002983
-0.23398794020515076,0.6534616656361817,0.4914659692832877,-368.8671323335989
-0.23395371544880722,0.6534154945008779,0.49134351021727485,-369.616998525122
-0.23400817356523818,0.65488028031927,0.4905727050066514,-370.3672283392345
-0.2339907283084059,0.6559407877185474,0.48974898057040517,-371.11767154289237
-0.2339953184051876,0.656996147249623,0.4890111842023782,-371.8683496841517
-0.23399885770769496,0.6581749970065055,0.488179774969826,-372.6192913400172
-0.23399647023822973,0.6592673436178659,0.48738473274502264,-373.3704744402219
-0.2339771944650497,0.6594443434628774,0.48717643456858833,-374.1216797813155
-0.23396297373935473,0.6584978094797957,0.48779081846082434,-374.8726606509414
-0.23397669738017063,0.6574222375221338,0.4886015286332102,-375.62341592285964
-0.2340222448467679,0.6580336237529405,0.4883444817896791,-376.37434809907205
-0.23399867145463968,0.6595701064945088,0.488356800297318,-377.12558190600777
-0.2340022662730641,0.6609442302138063,0.4867589069014167,-377.87713875593965
-0.23401152913850334,0.6632589293059277,0.48482280110374687,-378.6292403117635
-0.2339693938824322,0.6668234353046752,0.4821269437357506,-379.3821417501093
-0.23397044974057168,0.6702440671211356,0.4793906141145641,-380.1358793770518
-0.23395999408362655,0.6727876120696002,0.4772918540418167,-380.8902456618849
-0.23399468851992272,0.6761826160272002,0.4747039651204969,-381.64551277115567
-0.23393437671749953,0.6770738838835264,0.4737052021878531,-382.40096379278003
-0.23391733353024963,0.6758866081939939,0.474559852449623,-383.1560915650845
-0.2339525721100876,0.674711674608417,0.47561128941182185,-383.91094609183494
-0.2339407271911156,0.672332251511006,0.4777194940715012,-384.6651767043701
-0.23399946976610386,0.671269771763841,0.47874042423742164,-385.41919296805315
-0.2340202220529416,0.6718647219048727,0.47833149032667943,-386.1733764293738
-0.23400259441697796,0.6729213065987569,0.4774133840800957,-386.9278111463012
-0.23396422857508561,0.6724115100307402,0.47757209729013966,-387.6820871093538
-0.2339992588106684,0.6726613913293725,0.4774689702754171,-388.4364573866652
-0.23401273174768686,0.6736513241528332,0.4767147279017031,-389.191090858388
-0.23398495047464452,0.6756285911009206,0.47577134919538405,-389.94618445328547
-0.23398380488188458,0.677673654251831,0.47469895906084675,-390.70179036638876
-0.23400749386446712,0.6800495287306125,0.4721439065439777,-391.4580712637992
-0.233964974220534,0.6818490472518889,0.4711903844083337,-392.21477705426173
-0.233976060918636,0.6833261495610248,0.4700409831671937,-392.9718945337879
-0.2339741197235631,0.6844724600394172,0.46864951034347613,-393.72934482927843
-0.23397863847314604,0.6854342264679532,0.4675197694379986,-394.4870818941354
-0.2339901257824224,0.6865614840344542,0.46639485686392607,-395.24515576765725
-0.2339801556715828,0.6871628523401471,0.4657003007840497,-396.00339931137
-0.23399336894993683,0.6879668779616314,0.4649785854659993,-396.76188748685405
-0.23402723982273854,0.6902274946157549,0.46311292195163356,-397.5210601582777
-0.23399652970450463,0.6925997340211018,0.4609393798769438,-398.28090967970127
-0.23397928005429042,0.6942510838945238,0.45934607100462127,-399.0412463216474
-0.23393550021909576,0.6937147005110267,0.4596023110648109,-399.8013901744458
-0.2339646547371264,0.6934344548354259,0.46061466121928596,-400.5614376779821
-0.23398091796095702,0.6929808533696605,0.46068816146787783,-401.32138176694315
-0.2340283525406126,0.6943288769079916,0.45950646873115114,-402.0817770988649
-0.23399481005600206,0.696550212873514,0.45744918212412794,-402.8428230498243
-0.2339787934598678,0.698195228896607,0.45579051787757413,-403.6043745558406
-0.23397354228738476,0.6993136972774252,0.45483945094726935,-404.36626863370907
-0.2340116090021842,0.7015171258985164,0.4528516907471058,-405.12889905353626
-0.23398837912494683,0.7031458770655885,0.4511597105079678,-405.8920455413988
-0.23396345274683658,0.7035192858453626,0.4506493593762604,-406.6553003713272
-0.23393436617365487,0.702041770576617,0.4518977958340384,-407.41805482261157
-0.23396875272969545,0.7007766444267675,0.4532232379550216,-408.18042576670524
-0.2340056122478035,0.7006000053098304,0.45353218938526535,-408.942766804801
-0.2340011859541728,0.7004399947281588,0.45365256497024703,-409.70505416348055
-0.23401101193594667,0.7007291492060947,0.4534302831787106,-410.4674406110969
-0.234000556417082,0.701309622848807,0.45289257062195337,-411.23000306163766
-0.2340195333425092,0.7031416653820611,0.4512735420833331,-411.99317111602915
-0.233992318535102,0.7052353405537922,0.44922158587286115,-412.7570066454607
-0.2339740467361605,0.7065469680685623,0.4478207572710591,-413.5212724530645
-0.2340105298646694,0.7089012966395503,0.4456396318323303,-414.286364773845
-0.23397589290600979,0.7123134809655579,0.44229278380718956,-415.05260739101504
-0.2339424572284313,0.7142637794369266,0.4400563246322333,-415.81953225168763
-0.23395672755962524,0.7158231320721739,0.438445114807336,-416.5870354153023
-0.23398234675563703,0.7178048912582015,0.4364378629076588,-417.3552861564517
-0.23398922823749496,0.7198952206934482,0.43421502206649576,-418.12432566036176
-0.2340086501104921,0.7226419443427198,0.43131918815687104,-418.8944264250239
-0.2339852235642802,0.7248746510374635,0.4287582183094838,-419.665385768017
-0.2340041098572854,0.7276184036314104,0.4257641514279406,-420.4374499701222
-0.23398692642565,0.729930755281011,0.42318367830265624,-421.21043490378327
-0.23395708367330098,0.7308021863845047,0.4219370170502658,-421.98377601818305
-0.23399988997672655,0.7326319845690887,0.41996327159511593,-422.75790737436506
-0.23397300507028648,0.7335955729983404,0.41866032603836567,-423.5324391080316
-0.23400231956025325,0.735214724137076,0.41686860957956656,-424.30767855468275
-0.23400465721279015,0.7371755344785599,0.4145124972115215,-425.0837733840034
-0.23398103261694303,0.7383640525935171,0.41293323832870427,-425.86038538416705
-0.2340029877737884,0.74006509682385,0.4109375651714678,-426.6377680145824
-0.23399510328191767,0.7416096163014437,0.40895084216426314,-427.4158515367532
-0.23400079469333712,0.7433018884073753,0.4068289829120516,-428.1947185433328
-0.23396735592223417,0.7438206359708076,0.40609775025150385,-428.97380404223037
-0.23397434266214268,0.7440772215848781,0.4062465056028566,-429.7529585477648
-0.23399270735573108,0.744578123365211,0.4056182974261631,-430.5323632299813
-0.23398162931588648,0.7446635901267955,0.4052727592270527,-431.3118262211819
-0.23402156008969976,0.7459391982844631,0.4037121502082462,-432.09191922201376
-0.23400331128138796,0.7472687946391013,0.4018309099472159,-432.8726495775246
-0.23397351956741375,0.7475567058326663,0.40123905415298544,-433.65351779589025
-0.23398240387898223,0.7477243523937815,0.40102857129666986,-434.43447417602454
-0.23399561645995773,0.748154275800604,0.40049380396561646,-435.2156473915343
-0.23400288500360744,0.748824770714586,0.3996140511140357,-435.99715320753853
-0.23400410548089895,0.7496085365609838,0.3985538364191076,-436.7790469167422
-0.2339911817498175,0.7505838266950441,0.3972483128562809,-437.56141078240734
-0.2339829968861758,0.7512019519009983,0.3963285524026476,-438.34408646837426
-0.2340177051413772,0.7528404843034602,0.3942339885768795,-439.12760210391457
-0.23399169689595373,0.754697461579607,0.39159868355975946,-439.9120544309895
-0.23398495296580302,0.756270348357561,0.3892825570158529,-440.69733575307
-0.2339532527673373,0.7565018993864211,0.38874196778478753,-441.4827394399527
-0.2339553622214005,0.756112027626298,0.3895998415447064,-442.2678967741319
-0.23398479779788767,0.7560851895887528,0.3897561949287417,-443.05305090185567
-0.23399389654109987,0.7562675041443687,0.3894218840332782,-443.83832002360356
-0.23400718618322633,0.7568551225136834,0.3885766416858199,-444.6239129640684
-0.23398633190717189,0.756829474209484,0.3884497548558801,-445.4094960414326
-0.23402325404169902,0.7579130692734061,0.3870659344725056,-446.19566611968065
-0.2340051906938345,0.7587883919458167,0.3856583811878194,-446.9823102943645
-0.2339952426058069,0.7593912926203369,0.38471903028063215,-447.7692807898944
-0.233997530280121,0.760010204522033,0.3838082113994262,-448.5565915370909
-0.23400792338130588,0.7609853334718909,0.38240529592945094,-449.3444427224676
-0.2339809070434387,0.7627910050496822,0.37979989725668495,-450.1332615539738
-0.23311817768107937,0.76562100293794,0.37590315096113597,-450.9228290353138
-0.2330170470772755,0.7675348821528789,0.3736618639571877,-451.7133037212419
-0.23333639989246416,0.7683754944795302,0.37197553078491935,-452.5046304212604
-0.23356990814943268,0.7689782200054969,0.37055491527082585,-453.2966090339389
-0.23372408728434182,0.7694430977199436,0.36954074560041156,-454.08905476471716
-0.23382554167804975,0.7699148111187948,0.36862617078834226,-454.8819059574905
-0.23390350047188693,0.7708831927778008,0.3670220997413627,-455.67542670333876
-0.23392009447037318,0.7712540330969557,0.36619998433815254,-456.4692276227952
-0.2339612114511488,0.7719795104043163,0.3650538851448828,-457.263508661162
-0.23395943581581513,0.772204693901441,0.36453656019555575,-458.05795324219247
-0.23398326821309423,0.7726908083940561,0.3637908165184916,-458.8527139965482
-0.23398131513290843,0.7729376683157796,0.36330613393336353,-459.6476408829787
-0.23397433273684937,0.7726821965672367,0.36366652201300614,-460.44241174219616
-0.23397807514108412,0.7721860392093176,0.3645061821734637,-461.23687233240656
-0.23398562853867194,0.7716484423641585,0.36543576542552486,-462.030997834054
-0.23402470865258296,0.7723554361084505,0.36449178870354765,-462.82556201133553
-0.23399138673646924,0.7739765177378181,0.3618279512424698,-463.6211108804397
-0.23399612807405884,0.775821931864848,0.35857251973934406,-464.41787294423176
-0.2339988563293811,0.777754116047608,0.35510425756824,-465.21593086584465
-0.23399373977197302,0.7795342410892081,0.35181123021977795,-466.01520936139843
-0.2339765743751343,0.7806721499252799,0.3495802691466275,-466.81528720942646
-0.2339473878330501,0.780507900936959,0.3496780846580884,-467.61526228955523
-0.2339496953130038,0.7796693655121995,0.3512250655199437,-468.4146564916768
-0.23397082222516147,0.778897269765735,0.35286218752938436,-469.2134971458872
-0.23400449096152537,0.7788435784695149,0.353078048248332,-470.0123102616482
-0.23399954395147776,0.7791991261948029,0.3524444270969196,-470.8113597780636
-0.2340190398617053,0.7804604757785977,0.35026376201796006,-471.6112741299279
-0.23399234202016006,0.7822943521115876,0.34853469048355656,-472.41213404237527
-0.23397315028168825,0.7827550140822037,0.3465842570503692,-473.21350996758633
-0.23394983716004572,0.7822287612520649,0.34684129647180656,-474.0146298247935
-0.23396668863911732,0.7816115865280201,0.3478672209056703,-474.8153523536221
-0.2339787266554586,0.7810039342160532,0.34896167123838756,-475.6156651418385
-0.23397310758213077,0.7799396046895629,0.35085336674449474,-476.41524467080296
-0.23396693348007935,0.7782698200743702,0.3538386178154248,-477.2136835863428
-0.23400274939647397,0.7773213314723408,0.35575558810504,-478.01147654656125
-0.2340037133784073,0.7769163242375113,0.3565458334949355,-478.8089871733056
-0.23402452876226193,0.7777409779071071,0.35526500117071724,-479.6070349660596
-0.23398077524823338,0.7775287517359967,0.3553182657663162,-480.40495901676553
-0.23398166203116108,0.7769944964107792,0.35625945604047876,-481.20252805780063
-0.23400325750788073,0.7769510047533472,0.35644696470337195,-482.0000680975535
-0.2340150842207128,0.7775370408322706,0.3554859863091894,-482.7979961977295
-0.23399193861224368,0.7786404290886925,0.3535513070069507,-483.5966399696015
-0.23399100166975384,0.7797227884509824,0.35150514650547054,-484.3960387126736
-0.2340053126791135,0.7811899597419099,0.34883461135580585,-485.19646520350506
-0.23397925846875792,0.7829530997441582,0.34552448202447134,-485.99812017552915
-0.2339559553486909,0.7837873439754696,0.3436854394194837,-486.80040493971325
-0.2333077490583384,0.7847941806364184,0.342176126092874,-487.60274922699176
-0.23323793268428633,0.7852619172819836,0.3412280673243506,-488.40538286320697
-0.23351348648635872,0.7860641430722242,0.3396333131391071,-489.20887038835207
-0.2337142228457097,0.7876750268386091,0.3364329017136448,-490.01376024262686
-0.2338079572792657,0.7889849171306167,0.3335359717529117,-490.8197978802069
-0.2338566877488775,0.7895556717270047,0.33215453722397104,-491.62637101672806
-0.23387703381302893,0.7890215812242072,0.33306658027179376,-492.43258174711667
-0.23395251118027618,0.789385717032058,0.33262259665695537,-493.23908380975496
-0.2339882029370895,0.7904343074034192,0.3305113045157399,-494.0464357694755
-0.23396972617770306,0.7907875043628516,0.3295421239386574,-494.854102049043
-0.23397767649033802,0.7909799091586301,0.3291491591465203,-495.6619278637707
-0.2339965382099161,0.7915213169276372,0.32808714782968057,-496.47019120270716
-0.23398678995227334,0.7917406723544738,0.3275168088356134,-497.2786463214148
-0.2339789389518918,0.7915207370507282,0.3279262613461488,-498.08692770465325
-0.23396549572743872,0.7905820749014394,0.3298277501013016,-498.8944559616251
-0.23399717475218706,0.7901879546527703,0.3308807544555027,-499.70165000321816
-0.23400413978128168,0.7900375589761637,0.3312264274460273,-500.5087239661395
-0.23399625557587356,0.7896945998144639,0.33188881731625236,-501.31552929216576
-0.23399861655960524,0.7893581745695202,0.3326088474422133,-502.1220662846566
-0.23399923864312425,0.7890214189883802,0.333309084647012,-502.9283380280682
-0.2339916035580095,0.7884165496809493,0.3345020186647045,-503.73414033760173
-0.23397055073691023,0.7869852690908956,0.3372702330330058,-504.5388479187027
-0.23399013232539967,0.785745401354366,0.339884184457831,-505.34260722541893
-0.23402318556334467,0.7857397779628731,0.34043366549413123,-506.14628544010594
-0.23400151562231886,0.7866037451607993,0.3387984904088925,-506.9505775875067
-0.23401168402187647,0.7880795218203924,0.3357229610873388,-507.7560277155015
-0.23398681959103523,0.7889449584849031,0.333637714552125,-508.5621928663153
-0.2339534379490422,0.7885205087069709,0.33420508865849935,-509.3680586650985
-0.23397704838309397,0.7882098291556936,0.3349571140793712,-510.173680392318
-0.23398167652881852,0.7877961715629623,0.33577867622613655,-510.97899050713613
-0.234003279863371,0.7878454053383124,0.3357982989563011,-511.7843339064697
-0.23401318503342458,0.7883910932605954,0.3347475166581701,-512.5900963787441
-0.233997655589605,0.7886315025391631,0.3341284729301074,-513.396057957333
-0.2339992985743829,0.7888700421055765,0.3336458398671312,-514.2022059450668
-0.2340115640287005,0.789521564048241,0.33237360163375174,-515.0088622049483
-0.23398559597971363,0.7895065388189758,0.33221458739395165,-515.8155225026003
-0.23399282158540996,0.7894941933527226,0.33229894650165315,-516.6221674018393
-0.23398460495010698,0.7891396539268876,0.33297065673108417,-517.4285382478461
-0.23400560293201655,0.7892479875225153,0.33289218882880683,-518.2349833135361
-0.23399862692955004,0.7894744718532191,0.3329868247237978,-519.0414836885545
-0.23399916827076578,0.7893760363796926,0.33285008817560585,-519.847977558634
-0.23400909689930696,0.7897307731763666,0.332209925765452,-520.6547407111565
-0.23399335379183153,0.7896448544965784,0.3321005039634798,-521.4614814538467
-0.23399772822831305,0.7896162095044584,0.3321194393490418,-522.2682119519044
-0.2340061933123829,0.7898578467491013,0.33163742051316514,-523.0751373643895
-0.2339096807060021,0.7899555510918992,0.33141289540701596,-523.8820569718338
-0.2338947731590529,0.789811520908369,0.3316812699712482,-524.6888552431507
-0.2339369939594635,0.7903242464512881,0.33234620891649586,-525.4957378076199
-0.23395703612478747,0.790036034901434,0.3321622277351106,-526.3025731998886
-0.2339818059234568,0.7901814761581901,0.3314399016351415,-527.1096339703964
-0.23398276077808866,0.7902200024478522,0.3310625964245808,-527.9167883479892
-0.23399166871902408,0.7903465584000897,0.3307040854549623,-528.7240714460441
-0.2339809253287918,0.7900432870329678,0.3311775962988202,-529.5311365680082
-0.23397104230437732,0.7891495991212989,0.3329299066070116,-530.3375070769678
-0.23401262854532956,0.7892430047123301,0.3330056379864602,-531.1439332493998
-0.23400368895370097,0.7893052576133087,0.3327793823972052,-531.9504204981718
-0.23398544289754514,0.7887944388544588,0.33370411669951194,-532.756516757375
-0.2339817629914489,0.7879349735657158,0.3354410952097131,-533.5619454696471
-0.23397591658578917,0.7866251802432442,0.33804200732066236,-534.366373857678
-0.23374812703470665,0.7866355597170265,0.33851007315733134,-535.1705039805393
-0.2337369478624514,0.7875552978697559,0.33677197588798313,-535.9753029280081
-0.2338067604620017,0.7878642111679132,0.33584317428394717,-536.7804647932254
-0.2338818283552379,0.788256881829178,0.3350254551922984,-537.5860026063332
-0.23390094478377998,0.7878688100216512,0.33559641857994543,-538.3913022934818
-0.2339283549448599,0.7871031036254311,0.33712512139946926,-539.1960427785964
-0.2339621110763093,0.7865443617174692,0.3383350468468602,-540.0003708266003
-0.2339793035370909,0.7860977997424554,0.3392460220556738,-540.8043729475323
-0.23399414972418792,0.7858817720860024,0.3397181395750483,-541.6082175060271
-0.23400278161112256,0.785889841769318,0.33972382118342964,-542.4120716834349
-0.23401225138400117,0.7863622087571964,0.3388509746221779,-543.2162770727269
-0.23397554267681775,0.7858200707540016,0.3396597251166086,-544.0200943491295
-0.23397940610123844,0.7850067455049509,0.34129036279344477,-544.8233025179788
-0.2340008083298714,0.7846318895851764,0.34215138801341394,-545.626227597612
-0.23401039533621654,0.7847076644826958,0.34207208026907676,-546.4292039001934
-0.23398767129409892,0.7855608424164802,0.34053258356110666,-547.2327664386676
-0.23396063160198904,0.7855183388513077,0.34033693800249554,-548.0363280255596
-0.23399585581160293,0.7860828352394795,0.3393945741999818,-548.8403102441214
-0.23396556141542768,0.7856702678686386,0.3399441020735916,-549.6440084696694
-0.233990740590348,0.7855692861806333,0.3402949246823693,-550.4476240093178
-0.23401695342847606,0.7862792004184996,0.3390343408712121,-551.2517674119093
-0.2340011078477517,0.7871596627308948,0.3372353315578279,-552.0565721307788
-0.23399165912846623,0.7877819120384979,0.33588125613158826,-552.861865336174
-0.23397992847862786,0.7879095142209769,0.3355187636248067,-553.6672674102389
-0.23399616853391625,0.7882955898355811,0.3348274286586861,-554.4729638176186
-0.23400083569572647,0.788821998930003,0.33375712671698793,-555.2790730327907
-0.23398208187114652,0.7887577049807487,0.33375131440044925,-556.0851433362737
-0.23398755488163447,0.7886067968653253,0.3341028313415255,-556.8910921463646
-0.23398478564290787,0.7882150655217905,0.3348794282347846,-557.6967387145129
-0.2339928680488195,0.787875613892363,0.33562561857475903,-558.5021186476434
-0.23398748331129182,0.7872729236763789,0.33680496822758643,-559.3070385049773
-0.23399299715253222,0.7866628377800581,0.3380705576402262,-560.1114901484812
-0.23402013300652993,0.7870572564668495,0.33785954042066385,-560.9161496744807
-0.2340072935676731,0.787447653393476,0.33680987904127674,-561.7211489763627
-0.23398997541160693,0.7874155931140583,0.33662252874201626,-562.5261590416939
-0.23399749459621355,0.7874871157074621,0.33648485182132065,-563.3312294531829
-0.23401880244209797,0.788299012387284,0.33496594232928645,-564.1369193209815
-0.2339806324480752,0.7881591444098842,0.33497000344950567,-564.942523542096
-0.23397749474939647,0.7875919517377943,0.3361136303876078,-565.747688640475
-0.23401377562192927,0.7879381656076742,0.33565493173559163,-566.5531040062826
-0.23400448872252294,0.7882311913887791,0.3349724141353171,-567.3587552417752
-0.23199783767953158,0.7885551996664271,0.33540054805110814,-568.1626071666991
-0.23182103673115473,0.7892857941952872,0.3342589352369454,-568.9667952050796
-0.23255465626854893,0.7893987104265341,0.33341050208727996,-569.771866629757
-0.233078199349021,0.7894443927904851,0.3335815244643018,-570.577395531708
-0.23341197568458857,0.7889078633776749,0.3340859781024994,-571.3829315906534
-0.23362139135639037,0.7881334192627496,0.33534821769328066,-572.1881218927364
-0.2337669833275472,0.7875284338999389,0.33650823239336797,-572.9929921581816
-0.23385444306153164,0.786976564389868,0.33755970164912863,-573.7975322396185
-0.23392944677725758,0.787114500579294,0.3373891135009579,-574.6022243979609
-0.23336258514037767,0.7871933398375586,0.3378102534432188,-575.4063426788244
-0.23332976840211062,0.7872847231324309,0.33768455269529596,-576.2104890372715
-0.23354978816723201,0.7869906473758697,0.3379110697548856,-577.0146853719494
-0.23369756335887412,0.7860617323553022,0.3394813838802881,-577.8183704192894
-0.23383591769839307,0.7859478349199945,0.3398287911600647,-578.6220719400923
-0.23390928276053743,0.7863266275204129,0.3390408103193795,-579.4261326552698
-0.2336560314129144,0.7870437587411767,0.3377307706075005,-580.230481208242
-0.2336105688747912,0.7865923085483557,0.3383474852938545,-581.034503069633
-0.23374971152893836,0.7861166958930039,0.3393059241888541,-581.8382903479837
-0.233843485163511,0.7857086794620656,0.3400814407742177,-582.641863403668
-0.23389898641226192,0.78521328696087,0.34101173706059895,-583.4451265044441
-0.23396074061513683,0.7855090634588219,0.34058353512369005,-584.2486359339813
-0.23399031961800154,0.7863712970949174,0.33890025425140485,-585.0528146685751
-0.23398016189315649,0.7868213940460038,0.33783001889136066,-585.8573595665814
-0.2339707381616601,0.7866866466200161,0.33798395883097226,-586.661816821769
-0.2339937741678352,0.7869153486156936,0.33764641038433185,-587.4664446648427
-0.23400357733749086,0.7874313501810031,0.33663733377908933,-588.2714697534741
-0.23399876444186535,0.7878536811045713,0.33572963723486016,-589.076825997636
-0.23398142899047672,0.787864782151701,0.3362978049500061,-589.8820547102204
-0.23398808530269594,0.7875366209295217,0.33662307851678025,-590.6871061596415
-0.2340105293376763,0.787874279425653,0.33586577605925344,-591.4924527318711
-0.23399097249549955,0.7877676788034351,0.33584971523633067,-592.2977466537759
-0.23398539081702951,0.7873310003344496,0.33668517449719637,-593.1027096280269
-0.23370432869519572,0.7879942027637903,0.33577767981841417,-593.9078379862515
-0.23364643999735157,0.7881288165485808,0.3353358351339622,-594.7130519957158
-0.23374799696998882,0.7875077792041445,0.33640764058231026,-595.5179180132741
-0.2338492337630937,0.7871098669528732,0.33727674215124914,-596.322558077055
-0.23393232629766536,0.7876350436806668,0.33637188911641464,-597.1276448653016
-0.23395344343972085,0.7881045464834625,0.3352976047673568,-597.9331377366772
-0.23395312550244218,0.7879853320616641,0.33538877966549185,-598.7385690470802
-0.2339661737278839,0.7876802746140946,0.33600831914093765,-599.5437768190061
-0.2339850650245584,0.7875736626152336,0.33628868572376935,-600.3489066728379
-0.23399064296280053,0.7874821143772268,0.3364669856501262,-601.1539726805827
-0.23396607251454593,0.7864623969564207,0.33832687410535756,-601.9582767898032
-0.23399130593842343,0.7857648707383535,0.33987942224821416,-602.7620450387163
-0.2340228633849918,0.7861992333131287,0.33924345091629754,-603.5661235381144
-0.23401081721935724,0.7867788881372498,0.3380128296828957,-604.3706444227555
-0.23400046293978477,0.7872512937399024,0.33699796216698774,-605.1755292901054
-0.23400541823377471,0.7878982165375894,0.3357035959786166,-605.9809128294556
-0.23399292218460963,0.7882264302798155,0.3349315299689719,-606.786560199418
-0.23396792854257514,0.7876746136687824,0.3364431952121167,-607.5916790924214
-0.23386123861737348,0.7869361847670793,0.33804926823568493,-608.3961122662728
-0.23387102595216655,0.7866611917741179,0.338553378796153,-609.2003549741039
-0.23391607005925052,0.7864169016103036,0.3388846816250199,-610.0044853026169
-0.23392434004818885,0.7854138447073149,0.34062001900463207,-610.8079204138785
-0.23396302340921427,0.7846814408824178,0.3421266737900628,-611.6108333790519
-0.2339953441807625,0.7845873726068944,0.34239045438377397,-612.4136907180579
-0.23398272033233664,0.7840547272882805,0.34325489973720863,-613.2161785673725
-0.23398876726314088,0.7834518831824394,0.3444170446846524,-614.0182325160148
-0.23398964878444942,0.7827301455496737,0.3457685937073251,-614.8197713275594
-0.23399730311859843,0.7822298524075431,0.34714339895604984,-615.6208773574069
-0.23402118537650052,0.7825196095847056,0.34655004485819596,-616.4222208038233
-0.23398809521563801,0.782129524072433,0.3469364025580063,-617.2233225808363
-0.23398662437201456,0.7814774277268058,0.34811427974833553,-618.0239693063609
-0.23398640488194114,0.780637242766123,0.34965063094127025,-618.8240307023519
-0.23401525781858667,0.7806990972855363,0.34973486163070827,-619.6241244429452
-0.23400999244566623,0.7808988559998742,0.34931311183066294,-620.4243627665578
-0.23398728096574486,0.7804560196900047,0.34998010806654395,-621.2242995612958
-0.2340090985708919,0.7805467279747109,0.3499579118349146,-622.0242923435027
-0.2339856743037827,0.7817484840885146,0.3479107591172709,-622.825072160657
-0.233982692676592,0.7828686988334198,0.34565907248922495,-623.6266745657391
-0.23399113286386314,0.7840594641874302,0.3433496334532412,-624.4291532879844
-0.23377931299639326,0.785674436563727,0.34035904752980883,-625.232600360039
-0.23375063445219985,0.787160256310012,0.3373375365330157,-626.0371561899129
-0.23381381928469872,0.7878925820500912,0.3356352422442595,-626.8423770501524
-0.23389297146164809,0.7889434716370275,0.33356766571006546,-627.6484706832123
-0.23391520949859773,0.7894837964754544,0.33229013943092645,-628.4550430609239
-0.23393151349291108,0.7894961502203585,0.3321929023711773,-629.2616549313454
-0.23393631189718284,0.7888078428350891,0.3335332860550658,-630.0677465184842
-0.23398602565852755,0.7889141830995495,0.3335825341358004,-630.8739113056107
-0.2340022222803541,0.7894537716297131,0.33250749197638296,-631.6805069220551
-0.2339936844067289,0.7897650312998665,0.3317673281910473,-632.4873605233838
-0.233991363382015,0.7899064603980922,0.3314440065898859,-633.2943302875103
-0.23396984937849016,0.7892369860388058,0.3326814898444083,-634.1007825537544
-0.2339942171522028,0.788923810327846,0.33350040878230086,-634.9069752062035
-0.23400019975605385,0.7887707782130682,0.33383921793350113,-635.7130485658232
-0.2339939386003641,0.7884133775795797,0.33452655251303337,-636.5188468284747
-0.23400743051161707,0.7884232804876993,0.3346062508603547,-637.3246445630384
-0.23398265471077503,0.787753239156919,0.3357984443283389,-638.1299361965144
-0.23400101829557884,0.7874000722939568,0.33664881817510817,-638.9349454542358
-0.23401980531155986,0.7879711224892806,0.33566493892536264,-639.740376056011
-0.23399348360556282,0.7891385563050466,0.3333148047249185,-640.5466833752395
-0.23396715221452724,0.789486041087877,0.33232276659107585,-641.3532970393429
-0.2339771419507082,0.7897047151539232,0.33187845045548087,-642.1600907690594
-0.2339736780974834,0.7895450348174763,0.3321350992147172,-642.9667705768164
-0.2339952383695642,0.7897377865869102,0.3318534761816916,-643.7735978497799
-0.23400436579673684,0.7902062146703875,0.3309047944195329,-644.5807999586673
-0.23399074761015978,0.7903038719860818,0.3305893834663426,-645.388090930165
-0.23225023069530343,0.7911147215160114,0.33004804026544554,-646.1942062135174
-0.23206567846086892,0.7917071010758701,0.32892621623235235,-647.0006052647885
-0.23272517142212212,0.7919813298992611,0.3278793500852457,-647.8079247752504
-0.23317916483275175,0.7917717687969451,0.3279118113731151,-648.6155737073221
-0.23345618690146455,0.7906338711792563,0.3299925800951107,-649.4226229920647
-0.2336751890279415,0.7901167924789864,0.33177063365016835,-650.2293126200976
-0.23380334213294177,0.7896629685838339,0.3323815049554779,-651.0358285468934
-0.23385852082411102,0.7887118680004624,0.3342824160908411,-651.8416605324383
-0.23390999804783028,0.7876309383694096,0.3364303760228843,-652.6467136138123
-0.23395738170379962,0.7870243172026574,0.3376462848850605,-653.4513471488049
-0.23395092516923466,0.7857038240439115,0.3400267252083501,-654.2550274859276
-0.23398332898997537,0.7847576424677619,0.3419878719962592,-655.0580133356008
-0.23398665095098597,0.7837395691440827,0.34389396084020374,-655.86026868294
-0.23400519461604177,0.7831572609927576,0.34509034875717964,-656.6621032420758
-0.23399535637675825,0.7834114159242062,0.3447284359571512,-657.4640885738987
-0.23399083230480527,0.7835803594707983,0.3442807951052076,-658.2662162650789
-0.2339804406998048,0.7832749787787758,0.34473651947029976,-659.0681381748171
-0.2339991903717617,0.7833131850731143,0.3447488043271665,-659.8700883640811
-0.23401234903059304,0.7838375206484651,0.34379781313519275,-660.6724205832014
-0.23400033197268172,0.7841530843153354,0.3430871476356156,-661.4749921413188
-0.23398787594354914,0.7840386329705332,0.3432209112987449,-662.2774856488975
-0.23397290927553943,0.783244420233097,0.3446464286650947,-663.0794073191809
-0.23398316802219243,0.7823931734573798,0.34633249280971873,-663.8807130648993
-0.23398308002484136,0.7813182162284744,0.34834247149874414,-664.6812573213248
-0.23399769846767676,0.7804802153849194,0.3499900521476273,-665.481210293088
-0.23400630937130618,0.7800806367690096,0.35080875239240245,-666.2808780076123
-0.23391749990796445,0.7797274047762944,0.35230981937890593,-667.0800617831645
-0.23395198941062292,0.7805176111010204,0.3510565808017376,-667.8797866077261
-0.23398828677332817,0.7821953361668931,0.3476456004585841,-668.6807765427031
-0.23394960860478015,0.7824952016452451,0.3464964691307697,-669.48205608251
-0.23397536729862506,0.7829205393858875,0.3456653429925318,-670.2836688679376
-0.23398859216317608,0.783724594630669,0.3448396807509475,-671.0857372089745
-0.2339977085291019,0.7843944059627674,0.3430992357771414,-671.888389477446
-0.2340008894444274,0.7852445033044506,0.3411678528456408,-672.691725884775
-0.23400565395580464,0.7863052640966914,0.3389721883964518,-673.4958806959888
-0.23397474802922033,0.7864577273657274,0.3384110985734058,-674.3001741333463
-0.23397647836973126,0.7862903843044099,0.33874727639983354,-675.1043420858374
-0.23398747999203212,0.786469435908111,0.3395727427574628,-675.9084187385024
-0.2340040800720292,0.7866003042631285,0.3388124856648088,-676.7127091952055
-0.23399131561348763,0.7865043450720158,0.3385690072956603,-677.5170026469672
-0.23401196375366384,0.7869857294461239,0.3376149340460613,-678.3216785329512
-0.23397325692379242,0.788050866408609,0.3362025185460978,-679.1269857156143
-0.2339592918707411,0.7883691949881511,0.33530872867242334,-679.9325763372038
-0.23394562357938609,0.7877646339808939,0.33612825627041504,-680.7377711032912
-0.2339586344747256,0.7869953942237774,0.3380121346738624,-681.5423217244074
-0.23399416087140754,0.7866361504964783,0.3385776134519708,-682.3466630063541
-0.23402578474070518,0.7874723536528133,0.3369189592592031,-683.1516658837577
-0.23401007246748626,0.7883282451712953,0.33497152499363714,-683.9573571155644
-0.23399712656114405,0.7888913462554913,0.3336668156643258,-684.763506431729
-0.23397266089924867,0.7886187391134194,0.3340457536912437,-685.5694577053075
-0.23397264181552227,0.7879432640582765,0.3354061097743434,-686.3748882181078
-0.23398903114208758,0.7874438158477784,0.3365070308418159,-687.1799309474521
-0.23400535719693127,0.7873611947194925,0.33676515743198937,-687.9849066827713
-0.23398806916004267,0.7868094466019226,0.33774725433791336,-688.7894712220125
-0.23400392082889987,0.7865783745930379,0.3383210056461978,-689.5938523616421
-0.23400355721430888,0.7864504820654904,0.3385718410306464,-690.3981372310677
-0.23401255325372194,0.7868085232739961,0.33794546428945954,-691.2026838300295
-0.23399135683159855,0.7877163023284666,0.3361857454340312,-692.0078913141775
-0.23399004308974022,0.7885883846635459,0.3343166525388461,-692.8137918109782
-0.23398066085576258,0.7890407537500154,0.3332602633359536,-693.6200636681216
-0.2339823607643398,0.7893117726687736,0.33273283042972585,-694.4265434965947
-0.233988802365771,0.7895467453189056,0.3322261693348415,-695.2332187335886
-0.2339785017939684,0.7893224150674608,0.3325848400871929,-696.0397295746346
-0.2339853555742443,0.7890236860248442,0.33323850908375346,-696.8460040862827
-0.23401210742831888,0.789427562683523,0.3325738889118147,-697.6525855084383
-0.23400238006906732,0.7897203349267771,0.3318788886980886,-698.459407715918
-0.23399187253290515,0.7896819576252897,0.3318895454548575,-699.2662043634355
-0.233841430549033,0.7897722576446718,0.33184449882479483,-700.0729059681606
-0.23381969175552075,0.7896472173588557,0.3320749878175733,-700.8794948722799
-0.23389092462968725,0.7897807421794305,0.3318424848493706,-701.6862449684643
-0.2339299704472519,0.7899896997659843,0.3316078258032722,-702.4931545989817
-0.23395068221587584,0.7898965835448689,0.3316024373851832,-703.3000507336675
-0.2339421696133891,0.7889422975738356,0.333337007825803,-704.1062363900919
-0.23399776362267294,0.7890309653695037,0.33344050556651184,-704.9124830528021
-0.23399178061762457,0.7889969474300469,0.3333861036488951,-705.718723314818
-0.233967015819333,0.7880216956442432,0.3351937555488731,-706.5242201650183
-0.23399657577436223,0.7875268123733492,0.3363942499802747,-707.3293223215932
-0.23400565478208396,0.787373720346142,0.3367478910726019,-708.1343063012268
-0.23399666337058167,0.7870321905155728,0.33736850954359215,-708.9390345671151
-0.23399245304253924,0.7864850679588078,0.3384334819885487,-709.7433494028785
-0.23397081314703794,0.7851398839842636,0.34107338318709685,-710.5466398718385
-0.23399897716954032,0.7842199291582923,0.3429772911021438,-711.3492553449801
-0.23400217042742189,0.7834441277225869,0.3444453101296523,-712.1513133361959
-0.23311686824405667,0.7836110834870555,0.3447676844982623,-712.9525577813914
-0.23302772197064275,0.7839245513328751,0.3442134376164442,-713.7539392417749
-0.23335189472463375,0.7838166083321318,0.34410741957530944,-714.5555996220438
-0.23360631498589093,0.7842387915159645,0.34325617815805315,-715.3578081620602
-0.23376394533774394,0.7851363827251515,0.34144791826090315,-716.1608343427387
-0.23386272679980366,0.7864680653549869,0.33877901859758924,-716.9649553902798
-0.23391512187790592,0.7879074866210294,0.3357914901450688,-717.7702420235242
-0.23393657666681295,0.7890479632368155,0.33332038540315356,-718.5764639021302
-0.2339400566052527,0.7895323517496152,0.3321636022559847,-719.3831026352735
-0.23395695772116687,0.7898104962915031,0.33159012018122125,-720.1899761242224
-0.2339474493835288,0.7892598091193732,0.33259338479293177,-720.9964344743208
-0.23397630425016494,0.7889425680303903,0.33340923281793267,-721.8026363761612
-0.23400582805110015,0.7893295324311851,0.3327677018219569,-722.609136701954
-0.2339989402028088,0.7896131716781897,0.33210006293351285,-723.4158712445981
-0.23401287008905758,0.7903367733531499,0.33067820939048276,-724.2231755268812
-0.233981672247974,0.7902502622807038,0.33063008932464416,-725.0304304287505
-0.23400229769239111,0.7905415606983349,0.33016946774775097,-725.8379056179642
-0.23401620037916487,0.7914728494949532,0.32829523092994506,-726.6461251006131
-0.23397540529554814,0.7913387784207397,0.3282792037088658,-727.454262595888
-0.233988564263495,0.7912432429373166,0.32858848033131627,-728.2623119434537
-0.23398725362754558,0.790989823290551,0.3291050145987061,-729.0701593682696
-0.23399618889191956,0.7908540721126124,0.329468192357696,-729.8778892699014
-0.23397781344307367,0.7900794716161214,0.3309636858124008,-730.6850093390323
-0.23398946494623496,0.7893478456201167,0.33257607863463906,-731.491541099016
-0.23402309418610207,0.789770492006992,0.331959777973121,-732.2983833122494
-0.23400070446666332,0.7907405276243283,0.32993881568511185,-733.1059772046058
-0.2339703600331374,0.7908260510708393,0.32947653568074486,-733.9136717838077
-0.23397178637485427,0.7905343260555302,0.3300645613913863,-734.7211387064156
-0.23398174994325666,0.7902094025864621,0.3307808989475154,-735.5283473602099
-0.23397492501804135,0.7894363379787718,0.3323232145260801,-736.3349501674729
-0.2339838876607045,0.7886592370129574,0.33416546348036297,-737.1409015282641
-0.23399337311111806,0.787889440766236,0.3356884421532851,-737.9462740445059
-0.23400288297586957,0.7873604600770597,0.33676792520733245,-738.7512467002364
-0.23401104070671264,0.787374496168975,0.3368190630603259,-739.5562214371743
-0.2339933818209985,0.7879832067738213,0.33565442921293775,-740.3616344235223
-0.23399174234450926,0.7885667905099569,0.33436698977128715,-741.1675183881802
-0.2339832576183153,0.7889014801678806,0.3340725996213689,-741.973575079675
-0.2339798621704957,0.7886954241095796,0.3341570103975402,-742.7795374753076
-0.23397528472223372,0.7881241498772188,0.33511395048112436,-743.5850948312119
-0.23397945556123664,0.7873659967633204,0.33661232573455907,-744.3900796691956
-0.23401699180080954,0.7876438666384808,0.33629483991005144,-745.1952624544731
-0.23400680675692118,0.7879001737845884,0.33567666502742993,-746.0006534532105
-0.23400132847797922,0.7880422317197718,0.33534804280318276,-746.806157360383
-0.23401415167755876,0.7887477476884267,0.3340167572734817,-747.6121985960057
-0.23397548882304536,0.7884267383691376,0.33439776535213056,-748.4180112924306
-0.2339768369118969,0.7877538835034592,0.3357870720989827,-749.2233001724509
-0.23400463661668924,0.7876927531209643,0.33608946620313024,-750.0285309405309
-0.23397812985375896,0.7868669337600057,0.33755959021316095,-750.8331447730743
-0.23400201304703744,0.7864703861123538,0.33852478612509534,-751.6374447680839
-0.2340061108137642,0.7863581071848693,0.33878067353823993,-752.4416571824914
-0.2339989008028176,0.7865266505763328,0.33848307499702723,-753.245982753969
-0.23400708351596633,0.7870270624898676,0.3376157668379357,-754.0506687625666
-0.233986214261977,0.7869041279862893,0.33761734851637476,-754.8552915728852
-0.23399802600986,0.7869667707720073,0.33753820615574026,-755.6599634713461
-0.23402520091323473,0.7880060148904938,0.3356135040166051,-756.4654219620522
-0.23400275380913915,0.7887072056859126,0.33399956556829824,-757.2714418361533
-0.23398988902503065,0.7891217508090311,0.33359364547398146,-758.0776822586133
-0.23396636660273287,0.7884144483580121,0.3345926748876813,-758.8834422132688
-0.23397131500460455,0.787437230255649,0.33645782170315824,-759.6884764340748
-0.23398114654046676,0.7864196288633152,0.3385027269142089,-760.4927437382028
-0.2339748128067429,0.7849469811966268,0.341351481749859,-761.2959144300677
-0.23397310103133087,0.7830797212474132,0.3451128677257984,-762.0976878802163
-0.23399962523134027,0.7816221773613824,0.3479396367719313,-762.8984305696532
-0.2340044826570607,0.780720409764024,0.34966673519965125,-763.6985347000789
-0.23399329307260303,0.7796920772854378,0.3514822908297098,-764.4979290472625
-0.23399450404940234,0.7785869072765434,0.35347263553864805,-765.2965709353554
-0.2340168633422883,0.7785677129816874,0.3539836746837758,-766.0951330767355
-0.23400529191236558,0.7785714734335287,0.3537408529770688,-766.8937303297073
-0.2339927121541648,0.7782562750420456,0.35410661451392544,-767.6921392074287
-0.23399465274923706,0.7778934450885443,0.3547271577953156,-768.4903103142534
-0.2340067147731506,0.7778901420797151,0.35478931669057745,-769.2884800524322
-0.23399291685680498,0.7784480163008094,0.35386521616000044,-770.087000105296
-0.23399835903916544,0.779202872279605,0.3524684700616025,-770.88604540269
-0.23400243287352002,0.7800977475365023,0.350811152249529,-771.6857151044621
-0.23400438814181362,0.7811124595794949,0.34891715547539265,-772.4860979395179
-0.23399124284270323,0.781763320495601,0.3475970419761048,-773.2869477225365
-0.23398340120240457,0.7820231450442711,0.34704999374187656,-774.0879860437145
-0.23400956016299884,0.7829351748472023,0.34548621124403844,-774.8896698083576
-0.2339962002265353,0.7839207579569544,0.3435630890644269,-775.6920624341019
-0.23398781710653377,0.784608863143156,0.342153358014519,-776.4949670878601
-0.2339559663113232,0.7840798634912512,0.34295254207954823,-777.2974984787505
-0.23396738261969696,0.7832863431004209,0.34455245217172326,-778.0994481100009
-0.2339719410615388,0.7822256588233791,0.34658133434996347,-778.9006368641243
-0.23401330556218156,0.7822257680765098,0.34685456799687053,-779.701811277253
-0.23400546258897367,0.7822578502835291,0.346725561785265,-780.5030144765522
-0.2339973621426813,0.7825248989090178,0.3462620388159024,-781.3043931678368
-0.23396596214624849,0.7817601648906061,0.3474666447290305,-782.1052434962869
-0.23396546622739178,0.7804522490395969,0.3498868143170838,-782.9051764548038
-0.2339905504290567,0.7795409227231829,0.35207057520197804,-783.7044063155555
-0.23400573998766327,0.7790305635963244,0.3530643840243613,-784.5032883825703
-0.23398642670212935,0.7798265360522583,0.3517222498160357,-785.3026789354677
-0.2339785745926929,0.7803979446568988,0.3504162004573969,-786.1025057094723
-0.23400343806142,0.7815179080503019,0.3483604727609215,-786.9031354153041
-0.23399925928852522,0.7826086760524235,0.3461803180018105,-787.7045610643734
-0.2339641353653773,0.782519011808332,0.34606653489080735,-788.5059447775322
-0.23397980015063563,0.7824169482215744,0.3463363213998843,-789.3072550830899
-0.23397892589183883,0.782053723857793,0.3469807460509295,-790.1083132950037
-0.2340086686093543,0.7823938823195651,0.3465146511406478,-790.909607736941
-0.23400315432147614,0.7828528478404307,0.34561278838498216,-791.7112321971439
-0.23397003732995728,0.7822531926222963,0.34652236578549767,-792.5124402005036
-0.233998463687949,0.7821376717447184,0.346927769284621,-793.3135559963347
-0.23399844842680892,0.7820577601256249,0.3470569309665644,-794.1146189680825
-0.2339955168994363,0.7818471195006133,0.3474307497468567,-794.915533816067
-0.23400097222631944,0.781749062535882,0.3476488431271668,-795.7163776438321
-0.23398087791108835,0.7809961670408005,0.3489216705937184,-796.5166972279027
-0.23396474486827487,0.7793888652219957,0.3517858601234269,-796.5166972279027
