episode,total_reward
1.0,264.4520752719142
2.0,-1175.7921010921893
3.0,-1059.830666317007
4.0,-1028.1528969775325
5.0,-1025.0443435966934
6.0,-1037.1522477517644
7.0,-1012.1530090041563
8.0,-1032.5004533400524
9.0,-1022.7927871919557
10.0,-1029.6606393243264
11.0,-1021.6874171675863
12.0,-1218.1771425955787
13.0,-1216.349313713965
14.0,-1216.9099868453243
15.0,-1343.4487656962192
16.0,-1350.7854650882853
17.0,-1353.1737221626884
18.0,-1351.4533300286762
19.0,-1345.3216963826612
20.0,-1347.7578156476714
21.0,-1351.1647514426288
22.0,-1353.4059226145441
23.0,-1349.6870324285578
24.0,-1344.4810047918102
25.0,-1350.129150643484
26.0,-1346.0172576784641
27.0,-1353.8430670993891
28.0,-1353.0356482478942
29.0,-1346.6836927813174
30.0,-1354.5533751333965
31.0,-1350.6639683227397
32.0,-1348.269778299236
33.0,-1351.7834217626605
34.0,-1348.2584569140463
35.0,-1354.4647706696271
36.0,-1350.6884862104434
37.0,-769.278202295562
38.0,-793.0019794749902
39.0,-932.1490947342788
40.0,-751.5288716950494
41.0,-733.8359890536346
42.0,-906.640040417102
43.0,-754.583429274517
44.0,-796.5166972279027
45.0,-806.7092172941973
46.0,-835.7962241833793
47.0,-837.5123950035647
48.0,-766.1529618938088
49.0,-772.2842279383838
50.0,-772.3111818140196
51.0,-776.0621547951844
52.0,-769.1677066650575
53.0,-784.5973555511106
54.0,-787.4231939739335
55.0,-778.099785739951
56.0,-797.7094778165066
57.0,-765.7633628156806
58.0,-712.6402577651163
59.0,-684.107638541469
60.0,-714.4332588095909
61.0,-633.0417730955049
62.0,-811.732937714647
63.0,-841.6879612967721
64.0,-865.3740052400271
65.0,-832.8309455979528
66.0,-717.0026164735275
67.0,-695.5868888931759
68.0,-714.2769350015226
69.0,-653.635260520582
70.0,-575.3355288880699
71.0,-563.9448745204398
72.0,-556.2386201673418
73.0,-559.3654756608722
74.0,-612.0749652980417
75.0,-674.0152549626887
76.0,-847.9186772442965
77.0,-829.5147272943212
78.0,-861.2860694159374
79.0,-974.7671940188629
80.0,-1074.0728645207787
81.0,-1000.5644199925986
82.0,-944.5907949650541
83.0,-895.0783447149984
84.0,-951.8917552388207
85.0,-911.5578698612259
86.0,-890.6338953435898
87.0,-790.1370467918356
88.0,-778.0812850969021
89.0,-770.847352303209
90.0,-775.0174277484758
91.0,-766.8331203822619
92.0,-773.2263429063411
93.0,-766.3939215850444
94.0,-772.1292420938879
95.0,-771.8764575095618
96.0,-771.4418845371629
97.0,-772.3145121505696
98.0,-770.7892345625763
99.0,-773.2634702918576
100.0,-773.3584299067236
101.0,-773.9563983628784
102.0,-774.7778154361125
103.0,-773.2823792003275
104.0,-774.7222751297408
105.0,-777.912425020909
106.0,-773.577640627917
107.0,-768.4192737132124
108.0,-779.6087729680698
109.0,-774.5753153521227
110.0,-775.2562593536139
111.0,-774.3269527410642
112.0,-770.2181073902235
113.0,-773.7858964689462
114.0,-774.7252117498838
115.0,-774.9027399270666
116.0,-770.0669991564309
117.0,-779.0978880913921
118.0,-771.7957701181062
119.0,-773.2948873679109
120.0,-777.7152508748003
121.0,-772.0090528924101
122.0,-776.4357695667145
123.0,-773.9530695318814
124.0,-771.142326963959
125.0,-773.4143435626723
126.0,-718.8190304761223
127.0,-212.69061118741172
128.0,-224.0021398421982
129.0,-322.5130160416241
130.0,-545.5446089528448
131.0,-789.7837663532199
132.0,-742.9605270100603
133.0,-608.7778557124384
134.0,-207.00772868607797
135.0,-281.4589963323075
136.0,-509.6916365381209
137.0,-435.81219899769235
138.0,-618.6905691291885
139.0,-505.9294239012439
140.0,-548.1391188949367
141.0,-666.7927396188393
142.0,-548.5498495498083
143.0,-723.1974808974976
144.0,-930.704169416224
145.0,-731.5444782713213
146.0,-896.3066060446083
147.0,-777.3605791305287
148.0,-775.8332013716448
149.0,-783.9003616315705
150.0,-765.7347625186264
151.0,-774.0864974421025
152.0,-773.6382166236549
153.0,-776.5075290231854
154.0,-773.228922771531
155.0,-786.4593343488708
156.0,-778.5024016448835
157.0,-779.0546355995
158.0,-771.5907984020522
159.0,-771.4875143774907
160.0,-773.2041026011162
161.0,-782.4320632282784
162.0,-769.9492044978862
163.0,-779.167032962139
164.0,-776.109753933081
165.0,-786.7679100268092
166.0,-783.4280924720701
167.0,-789.1647939391137
168.0,-913.4009153786485
169.0,-775.1164751323133
170.0,-784.4516350221055
171.0,-906.9489544375921
172.0,-781.6284888073558
173.0,-784.0816085872835
174.0,-774.1279206617904
175.0,-879.4816218736573
176.0,-793.9677205530293
177.0,-770.5801084345187
178.0,-778.9662826332769
179.0,-842.9664146998438
180.0,-776.9631693073924
181.0,-767.732450274317
182.0,-765.5404973523146
183.0,-770.9608123176718
184.0,-787.9129807966515
185.0,-792.5917245583505
186.0,-800.9817940495445
187.0,-806.0548627450015
188.0,-795.4191818493326
189.0,-792.5405101877842
190.0,-797.7374820852426
191.0,-784.3774088886694
192.0,-792.7580077372947
193.0,-789.779356316281
194.0,-788.5235341572782
195.0,-783.7160895895365
196.0,-794.2005538569568
197.0,-791.7381429857567
198.0,-778.7075673693445
199.0,-787.4378226540775
200.0,-798.0744575582843
201.0,-789.290374411863
202.0,-785.441862085839
203.0,-782.4768424358762
204.0,-782.0267868454821
205.0,-781.9880495002647
206.0,-781.1342341647959
207.0,-784.285299221353
208.0,-779.0210021678632
209.0,-777.6015554312029
210.0,-784.1329147998206
211.0,-781.2379552328464
212.0,-783.6581607401705
213.0,-774.3271521714785
214.0,-771.9380752344359
215.0,-764.7241714262474
216.0,-741.4374439273856
217.0,-748.9226506942343
218.0,-744.9622346912768
219.0,-706.0696826657227
220.0,-709.2376536001955
221.0,-730.1954171192341
222.0,-707.399777316107
223.0,-718.4612804822261
224.0,-714.3828267171882
225.0,-722.1197548855303
226.0,-718.5437103870416
227.0,-721.3593358413833
228.0,-723.468443116219
229.0,-736.1532427115294
230.0,-743.8769969772046
231.0,-747.8339422577052
232.0,-730.7161755284673
233.0,-731.6482600908582
234.0,-729.6166867684253
235.0,-724.1423238189855
236.0,-726.7271802739539
237.0,-721.4113741810165
238.0,-725.537748222035
239.0,-719.3938663320064
240.0,-717.7500914478246
241.0,-720.4398560497863
242.0,-716.2678186160757
243.0,-714.3387199919952
244.0,-711.393344922407
245.0,-711.129235137611
246.0,-701.5957109768076
247.0,-700.375917215331
248.0,-724.6131810220177
249.0,-721.4461018259177
250.0,-718.393346329745
251.0,-719.5739836274305
252.0,-711.6242986066537
253.0,-716.965333792609
254.0,-725.0560576479364
255.0,-723.0434521387873
256.0,-724.6358939463901
257.0,-730.6846693666771
258.0,-726.3028564821955
259.0,-727.1534514175826
260.0,-710.9721475753386
261.0,-714.3604849214338
262.0,-706.7160906139404
263.0,-721.0968778707999
264.0,-710.1243864214168
265.0,-717.302097356989
266.0,-708.7117883387288
267.0,-725.5052216084879
268.0,-708.9063547829259
269.0,-713.0632880553858
270.0,-704.1032618060595
271.0,-710.5301481184958
272.0,-700.7209547876134
273.0,-703.3492297692541
274.0,-701.7417243602536
275.0,-696.5146153918694
276.0,-698.9327132340616
277.0,-697.947426959114
278.0,-699.8508146105512
279.0,-679.5666427829948
280.0,-695.9801352174925
281.0,-688.455518605804
282.0,-691.4256170998866
283.0,-694.8085839469649
284.0,-682.8533809072928
285.0,-683.448895958875
286.0,-675.2678752978813
287.0,-671.4867457688377
288.0,-675.4225235803847
289.0,-679.6468178473548
290.0,-670.9170396426016
291.0,-670.8235358938538
292.0,-660.7040347516362
293.0,-669.246032467409
294.0,-680.1188378105164
295.0,-674.6314248388996
296.0,-668.8410671822293
297.0,-665.7760252126466
298.0,-671.378920261938
299.0,-661.961626100978
300.0,-679.9387335646944
301.0,-685.1542096797192
302.0,-681.9329929026018
303.0,-677.7082888669573
304.0,-692.4337301628957
305.0,-677.4194897468358
306.0,-591.4963337471967
307.0,-511.0979570503879
308.0,-535.6793445330958
309.0,-513.6431262934437
310.0,-476.14694855627005
311.0,-484.295497172699
312.0,-439.83669068531003
313.0,-427.4961187974269
314.0,-452.89712622817234
315.0,-466.09600721363614
316.0,-444.50421036537506
317.0,-397.03755327530644
318.0,-374.73202601960014
319.0,-375.0017842630688
320.0,-405.32983833019756
321.0,-448.43807094335347
322.0,-408.80124674864726
323.0,-392.74585401618396
324.0,-341.7870279631688
325.0,-409.3125292375667
326.0,-403.7016189086577
327.0,-370.66886597934626
328.0,-333.87987515540004
329.0,-334.09783180326195
330.0,-331.2094840817098
331.0,-320.34669752681395
332.0,-318.98143121243777
333.0,-296.9296582070987
334.0,-311.2382108921683
335.0,-298.28108977962205
336.0,-318.0453466379824
337.0,-312.27725243808834
338.0,-309.1121930879539
339.0,-300.9517777460921
340.0,-301.5240322505663
341.0,-279.73522180058615
342.0,-284.3374565293524
343.0,-302.780894453023
344.0,-295.1306840986707
345.0,-309.0493652614392
346.0,-276.91567609494206
347.0,-278.94370473078465
348.0,-292.22346365921703
349.0,-283.3635592565265
350.0,-287.00545100258216
351.0,-288.5139093491435
352.0,-288.5934400454654
353.0,-456.6557821287525
354.0,-351.22413140234926
355.0,-338.1965891851062
356.0,-264.73982177018127
357.0,-260.7980415376248
358.0,-327.83294579194023
359.0,-327.64327491764874
360.0,-321.5395625986666
361.0,-358.4066544120674
362.0,-410.1512181913657
363.0,-362.9773263092191
364.0,-320.75039669543736
365.0,-320.164807380191
366.0,-363.49265240322103
367.0,-321.3871907458944
368.0,-343.74874257070815
369.0,-362.72251473972096
370.0,-344.86979493198356
371.0,-350.05882862036214
372.0,-399.5868615535416
373.0,-376.0301567072479
374.0,-413.9541265230779
375.0,-397.01530061094843
376.0,-381.80031399828897
377.0,-368.0386956307182
378.0,-249.84995555506993
379.0,-289.30152934515286
380.0,-392.4455681809284
381.0,-419.1307236929347
382.0,-436.83097103809246
383.0,-396.02163730490116
384.0,-421.4777993673227
385.0,-453.8431257647597
386.0,-446.47955776236824
387.0,-451.33720708625407
388.0,-468.99846493966595
389.0,-381.74616998240225
390.0,-484.70060539957217
391.0,-477.4998802419339
392.0,-431.550941498754
393.0,-477.0673928014356
394.0,-670.3570710834026
395.0,-601.6251481033801
396.0,-545.8442726936293
397.0,-524.9582450374717
398.0,-500.6926868476811
399.0,-510.8131430994349
400.0,-524.6751997138537
401.0,-504.0699013680777
402.0,-499.27851446249207
403.0,-484.83631640837416
404.0,-490.5217246747421
405.0,-535.0426759585894
406.0,-490.0391415721731
407.0,-541.0817112511081
408.0,-399.28678379117423
409.0,-491.6464970302417
410.0,-517.9768893060926
411.0,-528.4348121679338
412.0,-486.55922821677143
413.0,-534.8287128724171
414.0,-514.8766788175799
415.0,-570.1639222320989
416.0,-548.3750463624605
417.0,-513.0004634430547
418.0,-455.6015463586125
419.0,-522.464842061261
420.0,-558.361287703222
421.0,-509.03169546291053
422.0,-454.6986646526305
423.0,-398.2341159992089
424.0,-391.3587057351399
425.0,-406.7036131773609
426.0,-441.8149956972194
427.0,-541.6357256936343
428.0,-379.39354330523264
429.0,-439.620131711118
430.0,-479.50600500259355
431.0,-507.94341227396956
432.0,-555.9074099221542
433.0,-509.2669464008868
434.0,-513.5539434137427
435.0,-511.7254755905973
436.0,-546.1252907350147
437.0,-555.5491789814424
438.0,-709.8366689239376
439.0,-570.8900476239543
440.0,-600.5477254633893
441.0,-557.8269064826866
442.0,-567.8237142756047
443.0,-569.9566741110527
444.0,-557.3735205828748
445.0,-580.6195610391911
446.0,-484.1354378344097
447.0,-535.3928880509426
448.0,-492.118780966224
449.0,-521.3986169451541
450.0,-487.0418353667081
451.0,-458.0151858389654
452.0,-544.0309204336363
453.0,-509.4663249106518
454.0,-443.1087934897542
455.0,-487.3610669129389
456.0,-548.9076723744604
457.0,-458.5657731206362
458.0,-537.3210478531898
459.0,-510.1412158868941
460.0,-381.68117364168774
461.0,-317.7154296355583
462.0,-379.3640550783101
463.0,-407.1273894010602
464.0,-390.69344411724603
465.0,-577.660477524745
466.0,-455.70014458516624
467.0,-370.63728635750033
468.0,-531.9458961631467
469.0,-598.6565641554151
470.0,-551.3329311362705
471.0,-524.9243292724572
472.0,-523.2067596654316
473.0,-579.477976890494
474.0,-510.1965204037238
475.0,-390.4628332927253
476.0,-387.27715899726957
477.0,-375.49061970638115
478.0,-345.2870519779237
479.0,-300.2212547297876
480.0,-370.19795802036396
481.0,-340.6395229508795
482.0,-333.0445621836272
483.0,-318.7468060637042
484.0,-347.4268649490859
485.0,-314.1951635153213
486.0,-277.4249527412123
487.0,-264.61813843171007
488.0,-306.7034854839476
489.0,-254.48922332634913
490.0,-261.28276011652144
491.0,-262.17389020877425
492.0,-278.2433800701974
493.0,-273.55291522522
494.0,-267.5642549806603
495.0,-246.4023892679973
496.0,-292.81817795729364
497.0,-267.1711980138869
498.0,-278.8950025855819
499.0,-266.26957135235637
500.0,-260.2037804966335
501.0,-250.45466955476192
502.0,-237.16250220135205
503.0,-237.72054117509413
504.0,-241.3237203077055
505.0,-241.69432492405647
506.0,-234.3327068624531
507.0,-232.94112069904227
508.0,-241.771123884118
509.0,-204.44137916450313
510.0,-241.0739903235863
511.0,-231.0547022629498
512.0,-211.18157059772125
513.0,-215.46450299037312
514.0,-246.45496206737494
515.0,-240.0081805659876
516.0,-267.6420517658162
517.0,-281.2373556824039
518.0,-303.22495500659954
519.0,-266.8734675916411
520.0,-590.3239331649692
521.0,-557.1144281860935
522.0,-405.42149730391833
523.0,-338.83679688925616
524.0,-572.5660235069338
525.0,-449.73508463484984
526.0,-341.0527115403723
527.0,-300.0428369423438
528.0,-326.89558963897707
529.0,-330.2900019092694
530.0,-297.11126702622073
531.0,-255.85536868057676
532.0,-358.9102821110649
533.0,-371.48677810909544
534.0,-341.71907330767925
535.0,-274.2454170354133
536.0,-265.15053152344075
537.0,-276.21423998158923
538.0,-261.19390139390134
539.0,-262.63670755317065
540.0,-319.1873867296489
541.0,-314.8854365361832
542.0,-319.68818442663445
543.0,-292.82602020783315
544.0,-277.2550115742347
545.0,-283.3023532492093
546.0,-263.54245107594886
547.0,-262.1730942226647
548.0,-244.11028792374572
549.0,-375.0285851074008
550.0,-293.90670734222016
551.0,-296.0555035718001
552.0,-249.97073993011412
553.0,-254.06370468190687
554.0,-249.40115346660042
555.0,-342.68622471762126
556.0,-281.9894638298971
557.0,-236.92745528018418
558.0,-242.79363269784693
559.0,-241.07278770044385
560.0,-229.83299019260068
561.0,-227.06500566930492
562.0,-235.9667192750806
563.0,-242.03116365219134
564.0,-247.01408448761708
565.0,-250.76641912822396
566.0,-224.34199891204847
567.0,-249.72318880723154
568.0,-245.56064413433646
569.0,-249.9595358146046
570.0,-250.4503877617443
571.0,-241.28707113841276
572.0,-246.26446195397418
573.0,-239.99189407504625
574.0,-247.5844041243274
575.0,-238.9939718250076
576.0,-238.4932898057666
577.0,-351.4246425366476
578.0,-255.2449033915114
579.0,-264.6793997305971
580.0,-235.35672916827917
581.0,-219.33809354158075
582.0,-209.17455297527724
583.0,-219.77145153495678
584.0,-211.8019443362197
585.0,-211.34298635406174
586.0,-217.55391267895152
587.0,-221.8424832954464
588.0,-223.84211113097922
589.0,-222.08841875439305
590.0,-217.05785015243399
591.0,-211.9225791599069
592.0,-209.6291230198354
593.0,-219.48174718932387
594.0,-697.9086269319745
595.0,-837.1520009625693
596.0,-787.9529092812004
597.0,-785.2450957531905
598.0,-774.6663333459298
599.0,-749.3834306948849
600.0,-744.8526230536809
601.0,-671.9336840340546
602.0,-719.6563422270148
603.0,-688.9522626614007
604.0,-679.1374855713517
605.0,-681.19193647899
606.0,-643.5111594258859
607.0,-651.0377898169979
608.0,-594.6701405302799
609.0,-619.5286815575909
610.0,-620.8582929832243
611.0,-618.2583508657605
612.0,-615.741113359329
613.0,-607.6874324229734
614.0,-591.9190170974742
615.0,-608.9955318674993
616.0,-607.9049929168816
617.0,-581.219516350069
618.0,-575.3400371865298
619.0,-579.6701207506854
620.0,-575.7809579973544
621.0,-566.8122825707696
622.0,-240.48530492263492
623.0,-263.3173401358214
624.0,-258.6069146932771
625.0,-247.71032747508713
626.0,-232.86530201576502
627.0,-241.33601556603486
628.0,-249.45927031564545
629.0,-235.3044688568978
630.0,-187.79884298116664
631.0,-222.5228740540701
632.0,-215.9442552736939
633.0,-230.92773653941032
634.0,-194.84510809370906
635.0,-244.01089432878734
636.0,-219.94269110058073
637.0,-218.117266599282
638.0,-230.18527024491445
639.0,-225.2759447303244
640.0,-218.5079507428856
641.0,-179.71295393854155
642.0,-248.39031895642017
643.0,-238.73608788406176
644.0,-182.5947931879803
645.0,-235.3387390277536
646.0,-251.6084727904911
647.0,-249.70963881718322
648.0,-202.27477401186275
649.0,-231.70207149207903
650.0,-243.87267621015425
651.0,-233.56216137846607
652.0,-222.48339728922664
653.0,-230.1319557412549
654.0,-240.7245701829612
655.0,-224.39614381298537
656.0,-217.84658536662405
657.0,-217.99583776261264
658.0,-225.42978362456373
659.0,-243.4666004031341
660.0,-218.03375774111464
661.0,-224.24743298748615
662.0,-226.89152073198773
663.0,-225.7452362673823
664.0,-220.52531082609275
665.0,-227.84168354383274
666.0,-213.70739078693163
667.0,-211.08816103817574
668.0,-230.24000237592162
669.0,-222.493837234521
670.0,-224.44710537413388
671.0,-270.81660876118076
672.0,-278.4617126509243
673.0,-225.1945972139464
674.0,-224.80131656688633
675.0,-218.42894175313054
676.0,-221.0003311969649
677.0,-286.1332241925352
678.0,-279.4654125385689
679.0,-272.14388702579913
680.0,-247.05164616773044
681.0,-276.04925829541577
682.0,-257.38801420951785
683.0,-242.07526339282376
684.0,-226.47493536464984
685.0,-223.2597506857856
686.0,-229.42974939684746
687.0,-222.28864038445235
688.0,-215.7246591384877
689.0,-218.86889094802964
690.0,-211.0802152434539
691.0,-223.06860593372608
692.0,-214.46649820378923
693.0,-227.3643315814587
694.0,-219.10536326521526
695.0,-211.3835882515597
696.0,-224.3057508620184
697.0,-221.8418903849165
698.0,-222.37151033619753
699.0,-221.82903725406618
700.0,-219.0354830591199
701.0,-215.6378021678203
702.0,-222.55900827682214
703.0,-223.1443585346254
704.0,-223.6609218731046
705.0,-216.73201752033285
706.0,-221.825743607615
707.0,-223.38510520433675
708.0,-215.57650030259765
709.0,-291.72333704807977
710.0,-271.6666804427516
711.0,-231.28970023690707
712.0,-251.69571188530676
713.0,-224.634272689877
714.0,-217.2079914448482
715.0,-217.16339623686648
716.0,-224.9614380650214
717.0,-233.71600628108743
718.0,-286.3472608118946
719.0,-271.73226529808244
720.0,-252.4620639906322
721.0,-283.3379190156377
722.0,-264.3066806365644
723.0,-275.1466524122556
724.0,-203.09711364825802
725.0,-252.1307979887796
726.0,-270.35194956408
727.0,-315.3096707958695
728.0,-323.9152363138045
729.0,-314.02440679057736
730.0,-300.89170141974563
731.0,-292.16806024467536
732.0,-291.4256800128768
733.0,-172.18639261016378
734.0,-239.34448344314671
735.0,-242.72097272767147
736.0,-233.02986232166433
737.0,-234.26702754648545
738.0,-17.828774843373907
739.0,-233.62765185391686
740.0,-162.63717663985128
741.0,-197.50437016686502
742.0,-223.19380853684908
743.0,-214.9108778093603
744.0,-188.4525719981222
745.0,-224.82540294514942
746.0,-159.7949514966364
747.0,-203.29523900029787
748.0,-218.98626235913684
749.0,-209.70031727216417
750.0,-161.96166139304884
751.0,-219.0975859589616
752.0,-210.7287127172461
753.0,-204.79586309739645
754.0,-206.21248495084583
755.0,-234.41852337595927
756.0,-224.1439068700991
757.0,-301.04681249643335
758.0,-271.35429737415427
759.0,-222.27659586321724
760.0,-216.05736620825778
761.0,-219.52936697246685
762.0,-217.40556991821828
763.0,-224.19577093416774
764.0,-222.35275315131932
765.0,-158.80166312503488
766.0,-157.14864321507437
767.0,-220.68832892964718
768.0,-216.61294976310677
769.0,-218.78914448764036
770.0,-222.975685573379
771.0,-216.80278232106946
772.0,-234.53506101854862
773.0,-229.32819784717114
774.0,-168.44407549958163
775.0,-158.46153736979562
776.0,-167.56823984149975
777.0,-161.43384363285912
778.0,-171.43993624297684
779.0,-223.21190373532588
780.0,-201.45789479047676
781.0,-173.2675135572548
782.0,-170.24037964216078
783.0,-168.0743133723931
784.0,-179.94983306660532
785.0,-222.56666382205495
786.0,-229.56568640153228
787.0,-226.3432251263298
788.0,-221.98202702497431
789.0,-231.27483981015632
790.0,-231.69469281615932
791.0,-238.53183885789687
792.0,-263.8318306472779
793.0,-265.528232882761
794.0,-219.0708088853496
795.0,-269.21606311701385
796.0,-299.36028965434014
797.0,-292.8187848002875
798.0,-280.4076490980608
799.0,-281.13838427532545
800.0,-281.366130627746
801.0,-275.78031679628714
802.0,-276.9122468541837
803.0,-303.2517061764047
804.0,-268.4303967499792
805.0,-272.66284251757025
806.0,-275.575763001808
807.0,-234.05982655031158
808.0,-254.0481700280245
809.0,-245.74067470871972
810.0,-223.3156285748358
811.0,-197.68905785972487
812.0,-205.19607778631578
813.0,-191.11795638882347
814.0,-230.9397636003744
815.0,-204.09210341909665
816.0,11.400106421662635
817.0,-207.70522372500156
818.0,-186.12030580730334
819.0,-173.7564322156587
820.0,-221.24995506354125
821.0,-237.038547042656
822.0,-225.37594752958188
823.0,-138.29439382608572
824.0,24.771173760252374
825.0,-179.82524987514432
826.0,-263.3058569769989
827.0,-266.2014978562536
828.0,-264.20780316423117
829.0,-272.50400689881354
830.0,-455.932357873399
831.0,-460.7473421473767
832.0,-475.90979576040365
833.0,-478.5189661431358
834.0,-456.46352907861433
835.0,-507.12120605699346
836.0,-444.7650038256326
837.0,-461.80375550074575
838.0,-507.8286505342968
839.0,-487.3464505865937
840.0,-459.5201607287951
841.0,-408.64876308205504
842.0,-375.7597169328863
843.0,-351.68622813797515
844.0,-148.69868278541603
845.0,-339.69416368653566
846.0,-363.70911008172453
847.0,-504.23461541878635
848.0,-354.0741407739212
849.0,-417.9640751227774
850.0,-464.54863704131765
851.0,-450.01874348942266
852.0,31.49021506918885
853.0,-382.57797584588155
854.0,-388.92342077677745
855.0,-281.8275497056642
856.0,-325.849256090515
857.0,-336.3552844059315
858.0,-292.4093242022174
859.0,-285.379155631175
860.0,-271.6518526381538
861.0,-272.9828617149322
862.0,-252.78605150570024
863.0,-249.88796865106684
864.0,-275.18728757789233
865.0,-268.9778371912841
866.0,-249.32884605379832
867.0,-244.52114325083653
868.0,-234.03750134637582
869.0,-228.4913635855717
870.0,-226.81158178237504
871.0,-214.9086618364455
872.0,-211.98692089300772
873.0,-218.52836516389186
874.0,-216.2300827594854
875.0,-204.6940598340439
876.0,-205.05825621632744
877.0,-125.7511688794889
878.0,-185.1110304786318
879.0,-199.5010223903461
880.0,-187.50623505303258
881.0,-217.7215654593692
882.0,-186.72484168197622
883.0,-181.0575448413674
884.0,-202.0376949990945
885.0,-221.79151678263534
886.0,-204.60215924880734
887.0,-207.0150509250021
888.0,-208.14668281679954
889.0,-203.66695338046583
890.0,-187.6213153412815
891.0,-209.09634901785446
892.0,-208.65997545952453
893.0,-212.63614576531094
894.0,-203.09276606615995
895.0,-223.94264509462343
896.0,-223.1810428849701
897.0,-220.04683690860023
898.0,-223.307493157839
899.0,-206.13190624093573
900.0,-206.21361291098768
901.0,-137.17350475995218
902.0,-66.96859455048276
903.0,-189.44859426732503
904.0,-188.83048313163465
905.0,-204.13004082313023
906.0,-162.1602167569557
907.0,-0.5608607213185842
908.0,-188.59987401298937
909.0,-57.969981982907164
910.0,-210.7299182265675
911.0,242.49500826799286
912.0,-216.44174529007367
913.0,-242.5557674890635
914.0,-233.26990708475736
915.0,-246.13791461699384
916.0,-230.03466813559055
917.0,-235.3206012493053
918.0,-206.44746056854962
919.0,-254.27645099755603
920.0,-169.55611505412912
921.0,88.94620862092144
922.0,-200.3123827571264
923.0,-214.64065650687604
924.0,84.49814036608961
925.0,-177.40941482001358
926.0,-155.9050375029365
927.0,-182.28536512285987
928.0,-207.25015484379892
929.0,-214.28262637560874
930.0,-239.11739073623144
931.0,65.95107984385874
932.0,122.39758313309774
933.0,64.72091382221777
934.0,-127.33586548564205
935.0,-179.02197145816567
936.0,93.21590761327214
937.0,-182.03404017319843
938.0,-208.27038679002564
939.0,-185.30216335699316
940.0,131.12648239553846
941.0,65.82500052405264
942.0,-145.73848194957125
943.0,-226.06988181106107
944.0,70.04635491177609
945.0,-68.09910013793812
946.0,180.01078721428672
947.0,-165.52904604932826
948.0,-225.42550349766253
949.0,-167.10282470213758
950.0,-152.56336180807224
951.0,-24.924850806675884
952.0,-93.11734124862913
953.0,-67.39782099645446
954.0,-114.23956183203111
955.0,-27.8091487187909
956.0,134.2640206880865
957.0,108.84435730324287
958.0,136.08375611839398
959.0,168.27372912558386
960.0,258.2276190708558
961.0,-17.818999572516258
962.0,143.84314748217736
963.0,44.39544959719906
964.0,-17.404704816608366
965.0,1.2791917094077867
966.0,-1.4624396447143528
967.0,30.455585300520838
968.0,-36.33737964137871
969.0,-34.273837149112865
970.0,-131.8496798798602
971.0,204.16031071162627
972.0,-104.23445545662426
973.0,-141.82675628471068
974.0,77.61954441381073
975.0,-107.55143465443136
976.0,62.968024297807254
977.0,-136.53632689898717
978.0,0.9656028932786407
979.0,82.80679573373675
980.0,-122.98381599644358
981.0,-13.098807924169042
982.0,-58.99014103174948
983.0,128.90146484224655
984.0,-5.958460924256621
985.0,-99.17313119031694
986.0,11.541527682426258
987.0,-25.325506082580098
988.0,-81.5422778565092
989.0,-18.517403704088114
990.0,2.6475271876381403
991.0,7.455182841945634
992.0,43.748305039423705
993.0,106.49851595512983
994.0,168.23417157145062
995.0,-46.98923020361764
996.0,-169.89030160979473
997.0,-176.75276141938892
998.0,-128.36450313204378
999.0,-377.64774400313456
1000.0,-392.4672052371831
1001.0,-309.9191205034439
1002.0,40.842962691278515
1003.0,0.5403384358826901
1004.0,-121.54965588592891
1005.0,15.25465500957014
1006.0,342.9681919118543
1007.0,249.18747290905662
1008.0,-90.33385238184093
1009.0,-114.50267477747305
1010.0,-30.78171633208702
1011.0,-186.33554219462263
1012.0,-210.223324301623
1013.0,-248.7178121274321
1014.0,-186.66003547953866
1015.0,-201.48518810672647
1016.0,-107.18013057794903
1017.0,-141.16820938934032
1018.0,-119.34469992310015
1019.0,-70.99524980117772
1020.0,-16.58094941922165
1021.0,51.93610595277144
1022.0,-55.01564697236985
1023.0,-90.32070072821234
1024.0,-110.32340397282897
1025.0,-106.04387076066438
1026.0,-116.90258706550266
1027.0,-89.58943312681838
1028.0,-120.97823109556884
1029.0,-116.18355067741335
1030.0,-24.8352847376814
1031.0,-18.962467160708076
1032.0,-46.63033322975083
1033.0,-109.91653486468834
1034.0,-17.73329136325687
1035.0,-57.167676483198434
1036.0,9.12453553499653
1037.0,-239.69898940680707
1038.0,-179.59471204444134
1039.0,-66.31610403042586
1040.0,-70.4581639850982
1041.0,-79.13058784450517
1042.0,-80.4052065279368
1043.0,-20.309501425310795
1044.0,-27.869495523498912
1045.0,52.20287096374114
1046.0,-9.87316875691978
1047.0,-75.47247084640392
1048.0,-67.67835780355514
1049.0,-52.94220582012959
1050.0,-28.57811392629515
1051.0,23.0778127917295
1052.0,-0.5671870063328547
1053.0,17.874531602832644
1054.0,52.061351530407485
1055.0,22.366445882585456
1056.0,100.49750738764737
1057.0,-9.372918478089698
1058.0,-5.20039096492223
1059.0,-4.995583335050769
1060.0,-66.01979548017924
1061.0,-93.23039837839605
1062.0,-6.090807159142818
1063.0,22.852272085308744
1064.0,-53.83216388606793
1065.0,-55.122958304261466
1066.0,-55.455391640511515
1067.0,-130.7775818107283
1068.0,-129.24324342453153
1069.0,-102.84121609557599
1070.0,-96.62979755455655
1071.0,-9.688717463113859
1072.0,-65.33739399698752
1073.0,-7.48336856671955
1074.0,-100.25839716757746
1075.0,-130.7441007034905
1076.0,-69.1048367295453
1077.0,-56.44861218248071
1078.0,-121.96573637690818
1079.0,-77.18203076509248
1080.0,-95.7602190829266
1081.0,-130.78057707870113
1082.0,-119.0420795526913
1083.0,-116.70616188414664
1084.0,-99.64784847663408
1085.0,71.62872764028252
1086.0,-110.02001677512114
1087.0,-107.99450084730653
1088.0,-92.78922779011184
1089.0,-36.48119919830728
1090.0,-108.98476476027224
1091.0,-93.67008732195269
1092.0,-75.13619667385248
1093.0,-72.06254128052284
1094.0,-58.924745543194426
1095.0,112.5799903662189
1096.0,-70.02336806689222
1097.0,-95.13576516544947
1098.0,-129.15354271531757
1099.0,-27.742574373597893
1100.0,-93.28701176575913
1101.0,-104.87392562435808
1102.0,-120.9923849377962
1103.0,-93.88765875755826
1104.0,-30.80837045179159
1105.0,2.7926261036344417
1106.0,-17.97714629329443
1107.0,-53.2892433811849
1108.0,-162.41428202689295
1109.0,-178.52266694220702
1110.0,-174.9950541413676
1111.0,-152.56946984086017
1112.0,-195.03435011317353
1113.0,-82.76596997487547
1114.0,-165.2085570272895
1115.0,-98.16320190960998
1116.0,-141.16235342453757
1117.0,-102.05206395948201
1118.0,-6.8417477535655795
1119.0,-70.71818855115632
1120.0,-126.94874803628502
1121.0,-137.74853164842972
1122.0,-127.22692558370035
1123.0,-104.97293657542986
1124.0,-104.19168271049388
1125.0,-200.50816371811513
1126.0,-232.18355525965018
1127.0,-147.94912129633516
1128.0,-155.62347894235756
1129.0,-174.5731996232947
1130.0,-125.65972530647916
1131.0,68.9616927874571
1132.0,-154.16882076090232
1133.0,-197.29712969058187
1134.0,-101.29294814609956
1135.0,-157.0834840778069
1136.0,-169.76906319362638
1137.0,-215.69118553880458
1138.0,-118.52514023199262
1139.0,-123.12988986628504
1140.0,-153.40648829076707
1141.0,-113.95496320409232
1142.0,-109.7202153999638
1143.0,-50.09855546227153
1144.0,-113.134362244557
1145.0,-17.319128892270157
1146.0,-140.20734016676695
1147.0,-132.03287548452735
1148.0,-149.12293864611135
